BattleUnitPlayerActiveAbilityType/battle_unit_player_active_ability_type/=HoldFiredisplay_name|BattleSquadStance/battle_squad_stance/=Player_HoldFiredisplay_name
BattleUnitType/battle_unit_type/=Reinforce_Mech5MeterWarriordescription|BattleUnitType/battle_unit_type/=Reinforce_Mech5MeterCargodescription
BattleUnitType/battle_unit_type/=Reinforce_Mech5MeterArtillerydescription|BattleUnitType/battle_unit_type/=Reinforce_Mech5MeterCargodescription
BattleUnitType/battle_unit_type/=Reinforce_Mech12MeterWarriordescription|BattleUnitType/battle_unit_type/=Reinforce_Mech5MeterCargodescription
BattleUnitType/battle_unit_type/=Reinforce_Mech14MeterHunterdescription|BattleUnitType/battle_unit_type/=Reinforce_Mech5MeterCargodescription
BattleUnitType/battle_unit_type/=Reinforce_Mech17MeterCargodescription|BattleUnitType/battle_unit_type/=Reinforce_Mech5MeterCargodescription
BattleUnitType/battle_unit_type/=Reinforce_Mech24MeterWarriordescription|BattleUnitType/battle_unit_type/=Reinforce_Mech5MeterCargodescription
BattleUnitType/battle_unit_type/=Reinforce_Mech50MeterShelldescription|BattleUnitType/battle_unit_type/=Reinforce_Mech5MeterCargodescription
BattleUnitType/battle_unit_type/=Reinforce_Mech50MeterWarriordescription|BattleUnitType/battle_unit_type/=Reinforce_Mech5MeterCargodescription
BattleUnitType/battle_unit_type/=Reinforce_Mech50MeterDestroyerdescription|BattleUnitType/battle_unit_type/=Reinforce_Mech5MeterCargodescription
BattleUnitType/battle_unit_type/=Reinforce_SupersonicFighterJetdescription|BattleUnitType/battle_unit_type/=Reinforce_FighterJetdescription
BattleUnitType/battle_unit_type/=Reinforce_Bomberdescription|BattleUnitType/battle_unit_type/=Reinforce_FighterJetdescription
BattleUnitType/battle_unit_type/=Reinforce_Hovertigerdescription|BattleUnitType/battle_unit_type/=Reinforce_Hovercrawlerdescription
BattleUnitType/battle_unit_type/=Reinforce_Hoversharkdescription|BattleUnitType/battle_unit_type/=Reinforce_Hovercrawlerdescription
BattleUnitType/battle_unit_type/=Reinforce_Hovertillarydescription|BattleUnitType/battle_unit_type/=Reinforce_Hovercrawlerdescription
BattleUnitType/battle_unit_type/=Reinforce_Reaperdescription|BattleUnitType/battle_unit_type/=Reinforce_Hovercrawlerdescription
BattleUnitType/battle_unit_type/=Player_Sniperdisplay_name|BattleUnitType/battle_unit_type/=Mil_Sniperdisplay_name
BuildingOutput/building_output/=AdmissionTicketBulkAvailabilitydisplay_name|BuildingOutput/building_output/=AdmissionTicketSmallAvailabilitydisplay_name
BuildingOutput/building_output/=AdmissionTicketBulkSaledisplay_name|BuildingOutput/building_output/=AdmissionTicketSmallSaledisplay_name
BuildingOutput/building_output/=VeggieBagelSalesdisplay_name|BuildingOutput/building_output/=VeggieBagelSandwichmakingdisplay_name
BuildingResourceType/building_resource/=ClinicMedicalCaredisplay_name|BuildingOutput/building_output/=ClinicCaredisplay_name
BuildingResourceType/building_resource/=HospitalMedicalCaredisplay_name|BuildingOutput/building_output/=HospitalCaredisplay_name
BuildingResourceType/building_resource/=BuildingRenovationPermitdescription|BuildingResourceType/building_resource/=BuildingConstructionPermitdescription
BuildingResourceType/building_resource/=BuildingDemolitionPermitdescription|BuildingResourceType/building_resource/=BuildingConstructionPermitdescription
BuildingResourceType/building_resource/=CommerceOperationPermitdescription|BuildingResourceType/building_resource/=BuildingConstructionPermitdescription
BuildingResourceType/building_resource/=PilotLicensedescription|BuildingResourceType/building_resource/=BuildingConstructionPermitdescription
BuildingResourceType/building_resource/=FirearmLicensedescription|BuildingResourceType/building_resource/=BuildingConstructionPermitdescription
BuildingResourceType/building_resource/=TravelPapersdescription|BuildingResourceType/building_resource/=BuildingConstructionPermitdescription
BuildingResourceType/building_resource/=IDCarddescription|BuildingResourceType/building_resource/=BuildingConstructionPermitdescription
BuildingResourceType/building_resource/=DrivingLicensedescription|BuildingResourceType/building_resource/=BuildingConstructionPermitdescription
BuildingResourceType/building_resource/=Carwashdisplay_name|BuildingOutput/building_output/=Carwashdisplay_name
BuildingResourceType/building_resource/=MovieTicketdescription|BuildingOutput/building_output/=MovieTicketSalesdisplay_name
BuildingResourceType/building_resource/=AdmissionTicketBulkdisplay_name|BuildingResourceType/building_resource/=AdmissionTicketSmalldisplay_name
BuildingResourceType/building_resource/=FreshProducedisplay_name|BuildingOutput/building_output/=FarmFieldsProducedisplay_name
BuildingResourceType/building_resource/=Wheatdisplay_name|BuildingOutput/building_output/=FarmFieldsWheatdisplay_name
BuildingResourceType/building_resource/=Milkdisplay_name|BuildingOutput/building_output/=FarmMilkProductiondisplay_name
BuildingResourceType/building_resource/=AluminiumIngotdescription|BuildingResourceType/building_resource/=Aluminiumdescription
BuildingResourceType/building_resource/=CopperIngotdescription|BuildingResourceType/building_resource/=Copperdescription
BuildingResourceType/building_resource/=GoldIngotdescription|BuildingResourceType/building_resource/=Golddescription
BuildingResourceType/building_resource/=IronIngotdescription|BuildingResourceType/building_resource/=Irondescription
BuildingResourceType/building_resource/=LeadIngotdescription|BuildingResourceType/building_resource/=Leaddescription
BuildingResourceType/building_resource/=PlatinumIngotdescription|BuildingResourceType/building_resource/=Platinumdescription
BuildingResourceType/building_resource/=SilverIngotdescription|BuildingResourceType/building_resource/=Silverdescription
BuildingResourceType/building_resource/=TitaniumIngotdescription|BuildingResourceType/building_resource/=Titaniumdescription
BuildingResourceType/building_resource/=AluminiumFramedescription|BuildingResourceType/building_resource/=Aluminiumdescription
BuildingResourceType/building_resource/=TitaniumFramedescription|BuildingResourceType/building_resource/=Titaniumdescription
BuildingResourceType/building_resource/=Medicationdescription|BuildingResourceType/building_resource/=Medicationdisplay_name
BuildingResourceType/building_resource/=Cottondisplay_name|BuildingOutput/building_output/=FarmCottonProductiondisplay_name
BuildingResourceType/building_resource/=Wooddescription|BuildingResourceType/building_resource/=Rubberdescription
BuildingStatus/building_status/=Normaldisplay_name|BuildingOverlayType/building_overlay/=Normaldisplay_name
BuildingStorageType/building_storage_type/=SewageProcessingForSaledisplay_name|BuildingOutput/building_output/=SewageProcessingForSaledisplay_name
BuildingTag/building_tag/=Gamblingdisplay_name|BuildingResourceType/building_resource/=Gamblingdisplay_name
BuildingType/building_type/=Bankdisplay_name|BuildingTag/building_tag/=Bankdisplay_name
BuildingType/building_type/=Carwashdisplay_name|BuildingOutput/building_output/=Carwashdisplay_name
BuildingType/building_type/=ResidentialSkyscraperdisplay_name|BuildingTag/building_tag/=ResidentialSkyscraperdisplay_name
BuildingType/building_type/=DataCenterdisplay_name|BuildingTag/building_tag/=DataCenterdisplay_name
BuildingType/building_type/=MechFactorydisplay_name|BuildingTag/building_tag/=MechFactorydisplay_name
BuildingType/building_type/=ChemicalPlantdisplay_name|BuildingTag/building_tag/=ChemicalPlantdisplay_name
BuildingType/building_type/=Chopshopdisplay_name|BuildingTag/building_tag/=Chopshopdisplay_name
BuildingType/building_type/=PoliceStationdisplay_name|BuildingTag/building_tag/=PoliceStationdisplay_name
BuildingType/building_type/=Schooldisplay_name|BuildingTag/building_tag/=Schooldisplay_name
CohortStatusType/npc_cohort_status_type/=Educationdisplay_name|BuildingTag/building_tag/=Educationdisplay_name
CohortStatusType/npc_cohort_status_type/=SecurityTrainingneutral_name|CohortStatusType/npc_cohort_status_type/=SecurityIntegrityneutral_name
CohortStatusType/npc_cohort_status_type/=SecurityTrainingstressed_name|CohortStatusType/npc_cohort_status_type/=SecurityIntegritystressed_name
CohortStatusType/npc_cohort_status_type/=SecurityTrainingextremely_stressed_name|CohortStatusType/npc_cohort_status_type/=SecurityIntegrityextremely_stressed_name
CohortStatusType/npc_cohort_status_type/=SecurityTrainingsatisfied_name|CohortStatusType/npc_cohort_status_type/=SecurityIntegritysatisfied_name
CohortStatusType/npc_cohort_status_type/=SecurityTrainingextremely_satisfied_name|CohortStatusType/npc_cohort_status_type/=SecurityIntegrityextremely_satisfied_name
CohortStatusType/npc_cohort_status_type/=WillingnessToAidVigilanteextremely_stressed_name|CohortStatusType/npc_cohort_status_type/=AngerAtVigilanteextremely_stressed_name
CohortStatusType/npc_cohort_status_type/=ShareholderSatisfactiondescription|CohortStatusType/npc_cohort_status_type/=Executive Orderdescription
CohortStatusType/npc_cohort_status_type/=SectorAdministrationRivalrydescription|CohortStatusType/npc_cohort_status_type/=Executive Orderdescription
CohortStatusType/npc_cohort_status_type/=Player_CyborgRealismBehavioralneutral_name|CohortStatusType/npc_cohort_status_type/=Player_CyborgRealismVisualneutral_name
CohortStatusType/npc_cohort_status_type/=Player_CyborgRealismBehavioralsatisfied_name|CohortStatusType/npc_cohort_status_type/=Player_CyborgRealismVisualsatisfied_name
CohortStatusType/npc_cohort_status_type/=Player_CyborgRealismBehavioralextremely_satisfied_name|CohortStatusType/npc_cohort_status_type/=Player_CyborgRealismVisualextremely_satisfied_name
CohortType/npc_cohort_type/=ExoticImportersdescription|CohortType/npc_cohort_type/=GoldenPyramiddescription
CohortType/npc_cohort_type/=CrimsonClouddescription|CohortType/npc_cohort_type/=GoldenPyramiddescription
CohortType/npc_cohort_type/=UnderworldInvestorsdescription|CohortType/npc_cohort_type/=GoldenPyramiddescription
CohortType/npc_cohort_type/=IslandCarteldescription|CohortType/npc_cohort_type/=GoldenPyramiddescription
CohortType/npc_cohort_type/=DanverDonutsdisplay_name|BuildingType/building_type/=DanverDonutsdisplay_name
CohortType/npc_cohort_type/=HudsonDonutsdisplay_name|BuildingType/building_type/=HudsonDonutsdisplay_name
CohortType/npc_cohort_type/=DistrictMafiadescription|CohortType/npc_cohort_type/=GoldenPyramiddescription
CohortType/npc_cohort_type/=BulldogGangdescription|CohortType/npc_cohort_type/=GoldenPyramiddescription
CohortType/npc_cohort_type/=CrisisCrewdescription|CohortType/npc_cohort_type/=GoldenPyramiddescription
CohortType/npc_cohort_type/=FontaineFamilydescription|CohortType/npc_cohort_type/=GoldenPyramiddescription
CohortType/npc_cohort_type/=SyberMobdescription|CohortType/npc_cohort_type/=GoldenPyramiddescription
CohortType/npc_cohort_type/=MalkovichMalkovichMalkovichdescription|CohortType/npc_cohort_type/=GoldenPyramiddescription
CohortType/npc_cohort_type/=BronsonHuellForresterdescription|CohortType/npc_cohort_type/=GoldenPyramiddescription
CohortType/npc_cohort_type/=TortLawFirmdescription|CohortType/npc_cohort_type/=GoldenPyramiddescription
CohortType/npc_cohort_type/=HowardGertdescription|CohortType/npc_cohort_type/=GoldenPyramiddescription
CohortType/npc_cohort_type/=WilsonAveryQuestdescription|CohortType/npc_cohort_type/=GoldenPyramiddescription
CohortType/npc_cohort_type/=HyDonPlanckdescription|CohortType/npc_cohort_type/=GoldenPyramiddescription
CohortType/npc_cohort_type/=MaassKeplerSteubendescription|CohortType/npc_cohort_type/=GoldenPyramiddescription
CohortType/npc_cohort_type/=JuniorNilsSamsondescription|CohortType/npc_cohort_type/=GoldenPyramiddescription
CohortType/npc_cohort_type/=HappyClinicdescription|CohortType/npc_cohort_type/=GoldenPyramiddescription
CohortType/npc_cohort_type/=SpeedyRecoverydescription|CohortType/npc_cohort_type/=GoldenPyramiddescription
CohortType/npc_cohort_type/=HolisticHealersdescription|CohortType/npc_cohort_type/=GoldenPyramiddescription
CohortType/npc_cohort_type/=MedicalHorizonsdescription|CohortType/npc_cohort_type/=GoldenPyramiddescription
CohortType/npc_cohort_type/=HealthySolutionsdescription|CohortType/npc_cohort_type/=GoldenPyramiddescription
CohortType/npc_cohort_type/=CureandRespitedescription|CohortType/npc_cohort_type/=GoldenPyramiddescription
CohortType/npc_cohort_type/=RejuvenationNowdescription|CohortType/npc_cohort_type/=GoldenPyramiddescription
CohortType/npc_cohort_type/=ProperTreatmentsdescription|CohortType/npc_cohort_type/=GoldenPyramiddescription
CohortType/npc_cohort_type/=VitalDoctorsdescription|CohortType/npc_cohort_type/=GoldenPyramiddescription
CohortType/npc_cohort_type/=MilitaryCommanddisplay_name|BuildingTag/building_tag/=MilitaryCommanddisplay_name
CohortType/npc_cohort_type/=MurphyPIdescription|CohortType/npc_cohort_type/=GoldenPyramiddescription
CohortType/npc_cohort_type/=GroslingPIdescription|CohortType/npc_cohort_type/=GoldenPyramiddescription
CohortType/npc_cohort_type/=FukitaniPIdescription|CohortType/npc_cohort_type/=GoldenPyramiddescription
CohortType/npc_cohort_type/=IchibanPIdescription|CohortType/npc_cohort_type/=GoldenPyramiddescription
CohortType/npc_cohort_type/=JanstonPIdescription|CohortType/npc_cohort_type/=GoldenPyramiddescription
CohortType/npc_cohort_type/=MurdochPIdescription|CohortType/npc_cohort_type/=GoldenPyramiddescription
CohortType/npc_cohort_type/=LansonPIdescription|CohortType/npc_cohort_type/=GoldenPyramiddescription
CohortType/npc_cohort_type/=QuinronPIdescription|CohortType/npc_cohort_type/=GoldenPyramiddescription
CohortType/npc_cohort_type/=DextrousLaboratoriesdescription|CohortType/npc_cohort_type/=GoldenPyramiddescription
CohortType/npc_cohort_type/=ObliqueSolutionsdescription|CohortType/npc_cohort_type/=GoldenPyramiddescription
CohortType/npc_cohort_type/=SuperiorDiagnosticsdescription|CohortType/npc_cohort_type/=GoldenPyramiddescription
CohortType/npc_cohort_type/=SciencePioneeringdescription|CohortType/npc_cohort_type/=GoldenPyramiddescription
CohortType/npc_cohort_type/=BreakthroughLabsdescription|CohortType/npc_cohort_type/=GoldenPyramiddescription
CohortType/npc_cohort_type/=InnovationsFirstdescription|CohortType/npc_cohort_type/=GoldenPyramiddescription
CohortType/npc_cohort_type/=LightningInABottledescription|CohortType/npc_cohort_type/=GoldenPyramiddescription
CohortType/npc_cohort_type/=BrightFuturedescription|CohortType/npc_cohort_type/=GoldenPyramiddescription
CohortType/npc_cohort_type/=CreativeEnterprisesdescription|CohortType/npc_cohort_type/=GoldenPyramiddescription
DistrictResourceType/district_resource/=AveragePollutiondescription|DistrictResourceType/district_resource/=AirPollutiondescription
DistrictResourceType/district_resource/=PeakPollutiondescription|DistrictResourceType/district_resource/=AirPollutiondescription
DistrictType/district_type/=Suburbandisplay_name|BuildingTag/building_tag/=Suburbandisplay_name
DistrictType/district_type/=NuclearSilodisplay_name|BuildingTag/building_tag/=NuclearSilodisplay_name
DistrictType/district_type/=NuclearPowerPlantdisplay_name|BuildingType/building_type/=NuclearPowerPlantdisplay_name
DistrictType/district_type/=ScientificResearchdisplay_name|BuildingTag/building_tag/=ScientificResearchdisplay_name
DistrictType/district_type/=Spaceportdisplay_name|BuildingTag/building_tag/=Spaceportdisplay_name
EconomicClassType/economic_class_type/=Uneducateddisplay_name|CohortStatusType/npc_cohort_status_type/=Educationextremely_stressed_name
EconomicClassType/economic_class_type/=Homelessdisplay_name|BuildingTag/building_tag/=Homelessdisplay_name
EncounterAction/encounter_action/=Bribedisplay_name|BattleUnitPlayerActiveAbilityType/battle_unit_player_active_ability_type/=Bribedisplay_name
EncounterActionType/encounter_action_type/=Intimidatedisplay_name|BattleUnitPlayerActiveAbilityType/battle_unit_player_active_ability_type/=Intimidatedisplay_name
EncounterType/encounter_type/=OustCEO_Disorderlydisplay_name|EncounterType/encounter_type/=OustCEO_Orderlydisplay_name
EncounterType/encounter_type/=HireGang_CorporateSabotagedisplay_name|EncounterType/encounter_type/=HirePMC_CorporateSabotagedisplay_name
EncounterType/encounter_type/=HireGang_CorporateRaiddisplay_name|EncounterType/encounter_type/=HirePMC_CorporateRaiddisplay_name
EncounterType/encounter_type/=HireGang_CorporateArsondisplay_name|EncounterType/encounter_type/=HirePMC_CorporateArsondisplay_name
EncounterType/encounter_type/=HireGang_CorporateDemolitiondisplay_name|EncounterType/encounter_type/=HirePMC_CorporateDemolitiondisplay_name
EncounterType/encounter_type/=HireGang_CorporateDemolitiondescription|EncounterType/encounter_type/=HireGang_CorporateArsondescription
EncounterType/encounter_type/=HireCriminalSyndicate_CorporateSabotagedisplay_name|EncounterType/encounter_type/=HirePMC_CorporateSabotagedisplay_name
EncounterType/encounter_type/=HireCriminalSyndicate_CorporateRaiddisplay_name|EncounterType/encounter_type/=HirePMC_CorporateRaiddisplay_name
EncounterType/encounter_type/=HireCriminalSyndicate_CorporateArsondisplay_name|EncounterType/encounter_type/=HirePMC_CorporateArsondisplay_name
EncounterType/encounter_type/=HireCriminalSyndicate_CorporateDemolitiondisplay_name|EncounterType/encounter_type/=HirePMC_CorporateDemolitiondisplay_name
EncounterType/encounter_type/=HireCriminalSyndicate_CorporateDemolitiondescription|EncounterType/encounter_type/=HireCriminalSyndicate_CorporateArsondescription
EncounterType/encounter_type/=WitnessQuestioning_CriminalSyndicatedisplay_name|EncounterType/encounter_type/=WitnessQuestioning_Gangdisplay_name
EncounterType/encounter_type/=WitnessQuestioning_CriminalSyndicatedescription|EncounterType/encounter_type/=WitnessQuestioning_Gangdescription
EncounterType/encounter_type/=MilitaryPatroldescription|EncounterType/encounter_type/=SecurityPatroldescription
EncounterType/encounter_type/=MilitaryConvoydescription|EncounterType/encounter_type/=SecurityPatroldescription
EncounterType/encounter_type/=MegaCorpScoutingFailedInvestigationdisplay_name|EncounterType/encounter_type/=MegaCorpInvestigationdisplay_name
EncounterType/encounter_type/=ConvertCitizens_Religiondisplay_name|EncounterType/encounter_type/=ConvertCitizens_Cultdisplay_name
EncounterType/encounter_type/=ConvertWorshipers_Religiondisplay_name|EncounterType/encounter_type/=ConvertWorshipers_Cultdisplay_name
EncounterType/encounter_type/=ResistancePropagandadisplay_name|EncounterType/encounter_type/=MilitaryCommandInspectiondisplay_name
FactionPrefab/faction_prefab/=PlayerVigilanteIdentitydisplay_name|CohortType/npc_cohort_type/=PlayerVigilanteIdentitydisplay_name
FactionPrefab/faction_prefab/=PrivateHomeownersCollectivedisplay_name|CohortType/npc_cohort_type/=PrivateHomeownersCollectivedisplay_name
FactionPrefab/faction_prefab/=PrivateHomeownersCollectivedescription|CohortType/npc_cohort_type/=PrivateHomeownersCollectivedescription
FactionPrefab/faction_prefab/=SPSRdisplay_name|CohortType/npc_cohort_type/=SPSRdisplay_name
FactionPrefab/faction_prefab/=DanverDonutsdisplay_name|BuildingType/building_type/=DanverDonutsdisplay_name
FactionPrefab/faction_prefab/=HudsonDonutsdisplay_name|BuildingType/building_type/=HudsonDonutsdisplay_name
FactionSector/faction_sector/=Automotivedisplay_name|BuildingTag/building_tag/=Automotivedisplay_name
FactionSector/faction_sector/=Defensedisplay_name|BuildingResilience/building_resilience/=Defensedisplay_name
FactionSector/faction_sector/=Educationdisplay_name|BuildingTag/building_tag/=Educationdisplay_name
FactionSector/faction_sector/=Energydisplay_name|BuildingTag/building_tag/=Energydisplay_name
FactionSector/faction_sector/=Entertainmentdisplay_name|BuildingTag/building_tag/=Entertainmentdisplay_name
FactionSector/faction_sector/=Miningdisplay_name|BuildingTag/building_tag/=Miningdisplay_name
FactionSector/faction_sector/=Securitydisplay_name|BuildingTag/building_tag/=Securitydisplay_name
FactionType/faction_type/=Corporationdisplay_name|FactionPrefab/faction_prefab/=Corporationdisplay_name
FactionType/faction_type/=Corporationdescription|FactionPrefab/faction_prefab/=Corporationdescription
FactionType/faction_type/=TheMegaCorpdescription|FactionPrefab/faction_prefab/=TheMegaCorpdescription
FactionType/faction_type/=PlayerShellCompanydisplay_name|FactionPrefab/faction_prefab/=PlayerShellCompanydisplay_name
FactionType/faction_type/=PlayerVigilanteIdentitydisplay_name|CohortType/npc_cohort_type/=PlayerVigilanteIdentitydisplay_name
InputAction/input_action/=BattleMode_RemoveFromSelectioncategory|InputAction/input_action/=BattleMode_AddToSelectioncategory
InputAction/input_action/=BattleMode_QueueSquadActioncategory|InputAction/input_action/=BattleMode_AddToSelectioncategory
InputAction/input_action/=BattleMode_RangeDisplayAllcategory|InputAction/input_action/=BattleMode_AddToSelectioncategory
InputAction/input_action/=HoldForMachineVisioncategory|InputAction/input_action/=ShowDetailedTooltipscategory
InputAction/input_action/=TogglePausecategory|InputAction/input_action/=ShowDetailedTooltipscategory
InputAction/input_action/=TogglePauseAltcategory|InputAction/input_action/=ShowDetailedTooltipscategory
InputAction/input_action/=TogglePauseAltdescription|InputAction/input_action/=TogglePausedescription
InputAction/input_action/=IncreaseSimSpeedcategory|InputAction/input_action/=ShowDetailedTooltipscategory
InputAction/input_action/=DecreaseSimSpeedcategory|InputAction/input_action/=ShowDetailedTooltipscategory
InputAction/input_action/=ChangeBy5category|InputAction/input_action/=ShowDetailedTooltipscategory
InputAction/input_action/=ChangeBy10category|InputAction/input_action/=ShowDetailedTooltipscategory
InputAction/input_action/=MovementSlowDowncategory|InputAction/input_action/=MovementSpeedUpcategory
InputAction/input_action/=MovementLeftcategory|InputAction/input_action/=MovementSpeedUpcategory
InputAction/input_action/=MovementLeftAltcategory|InputAction/input_action/=MovementSpeedUpcategory
InputAction/input_action/=MovementLeftAltdescription|InputAction/input_action/=MovementLeftdescription
InputAction/input_action/=MovementRightcategory|InputAction/input_action/=MovementSpeedUpcategory
InputAction/input_action/=MovementRightAltcategory|InputAction/input_action/=MovementSpeedUpcategory
InputAction/input_action/=MovementRightAltdescription|InputAction/input_action/=MovementRightdescription
InputAction/input_action/=MovementForwardcategory|InputAction/input_action/=MovementSpeedUpcategory
InputAction/input_action/=MovementForwardAltcategory|InputAction/input_action/=MovementSpeedUpcategory
InputAction/input_action/=MovementForwardAltdescription|InputAction/input_action/=MovementForwarddescription
InputAction/input_action/=MovementBackwardcategory|InputAction/input_action/=MovementSpeedUpcategory
InputAction/input_action/=MovementBackwardAltcategory|InputAction/input_action/=MovementSpeedUpcategory
InputAction/input_action/=MovementBackwardAltdescription|InputAction/input_action/=MovementBackwarddescription
InputAction/input_action/=MovementHighercategory|InputAction/input_action/=MovementSpeedUpcategory
InputAction/input_action/=MovementHigherAltcategory|InputAction/input_action/=MovementSpeedUpcategory
InputAction/input_action/=MovementHigherAltdescription|InputAction/input_action/=MovementHigherdescription
InputAction/input_action/=MovementLowercategory|InputAction/input_action/=MovementSpeedUpcategory
InputAction/input_action/=MovementLowerdescription|InputAction/input_action/=MovementHigherdescription
InputAction/input_action/=MovementLowerAltcategory|InputAction/input_action/=MovementSpeedUpcategory
InputAction/input_action/=CameraRotateTiltAltcategory|InputAction/input_action/=CameraRotateTiltcategory
InputAction/input_action/=CameraRotateTiltAltdescription|InputAction/input_action/=CameraRotateTiltdescription
InputAction/input_action/=CameraZoomInOutMousecategory|InputAction/input_action/=CameraRotateTiltcategory
InputAction/input_action/=PhotoModeToggleAltcategory|InputAction/input_action/=PhotoModeTogglecategory
InputAction/input_action/=PhotoModeToggleAltdescription|InputAction/input_action/=PhotoModeToggledescription
InputAction/input_action/=PhotoModeManualFocuscategory|InputAction/input_action/=PhotoModeTogglecategory
InputAction/input_action/=PhotoModeToggleGuidescategory|InputAction/input_action/=PhotoModeTogglecategory
InputAction/input_action/=PhotoModeFocusGridCyclecategory|InputAction/input_action/=PhotoModeTogglecategory
InputAction/input_action/=PhotoModeToggleOverlayVisibilitycategory|InputAction/input_action/=PhotoModeTogglecategory
InputAction/input_action/=PhotoModeCameraSpeedUpcategory|InputAction/input_action/=PhotoModeTogglecategory
InputAction/input_action/=PhotoModeCameraSlowDowncategory|InputAction/input_action/=PhotoModeTogglecategory
InputAction/input_action/=PhotoModeCameraLeftcategory|InputAction/input_action/=PhotoModeTogglecategory
InputAction/input_action/=PhotoModeCameraLeftAltcategory|InputAction/input_action/=PhotoModeTogglecategory
InputAction/input_action/=PhotoModeCameraLeftAltdescription|InputAction/input_action/=PhotoModeCameraLeftdescription
InputAction/input_action/=PhotoModeCameraRightcategory|InputAction/input_action/=PhotoModeTogglecategory
InputAction/input_action/=PhotoModeCameraRightAltcategory|InputAction/input_action/=PhotoModeTogglecategory
InputAction/input_action/=PhotoModeCameraRightAltdescription|InputAction/input_action/=PhotoModeCameraRightdescription
InputAction/input_action/=PhotoModeCameraForwardcategory|InputAction/input_action/=PhotoModeTogglecategory
InputAction/input_action/=PhotoModeCameraForwardAltcategory|InputAction/input_action/=PhotoModeTogglecategory
InputAction/input_action/=PhotoModeCameraForwardAltdescription|InputAction/input_action/=PhotoModeCameraForwarddescription
InputAction/input_action/=PhotoModeCameraBackwardcategory|InputAction/input_action/=PhotoModeTogglecategory
InputAction/input_action/=PhotoModeCameraBackwardAltcategory|InputAction/input_action/=PhotoModeTogglecategory
InputAction/input_action/=PhotoModeCameraBackwardAltdescription|InputAction/input_action/=PhotoModeCameraBackwarddescription
InputAction/input_action/=PhotoModeCameraUpcategory|InputAction/input_action/=PhotoModeTogglecategory
InputAction/input_action/=PhotoModeCameraDowncategory|InputAction/input_action/=PhotoModeTogglecategory
InputAction/input_action/=PhotoModeCameraZoomInOutMousecategory|InputAction/input_action/=PhotoModeTogglecategory
InputAction/input_action/=PhotoModeCameraZoomInOutMousedisplay_name|InputAction/input_action/=CameraZoomInOutMousedisplay_name
InputAction/input_action/=PhotoModeCameraZoomInOutMousedescription|InputAction/input_action/=CameraZoomInOutMousedescription
InputAction/input_action/=PhotoModeOpenSettingscategory|InputAction/input_action/=PhotoModeTogglecategory
InputAction/input_action/=BuildModecategory|InputAction/input_action/=Inventorycategory
InputAction/input_action/=BuildModedisplay_name|BuildingOverlayType/building_overlay/=BuildModeOverlaydisplay_name
InputAction/input_action/=BattleModecategory|InputAction/input_action/=Inventorycategory
InputAction/input_action/=ArmyDesigncategory|InputAction/input_action/=Inventorycategory
InputAction/input_action/=NeuroNetPoliciescategory|InputAction/input_action/=Inventorycategory
InputAction/input_action/=TechTreescategory|InputAction/input_action/=Inventorycategory
InputAction/input_action/=Investmentscategory|InputAction/input_action/=Inventorycategory
InputAction/input_action/=SaveGamecategory|InputAction/input_action/=Inventorycategory
InputAction/input_action/=ShowPerformanceStatscategory|InputAction/input_action/=Inventorycategory
InputAction/input_action/=OpenSystemMenucategory|InputAction/input_action/=ShowDetailedTooltipscategory
InputAction/input_action/=Tabcategory|InputAction/input_action/=ShowDetailedTooltipscategory
InputAction/input_action/=ShiftTabcategory|InputAction/input_action/=ShowDetailedTooltipscategory
InputAction/input_action/=Debug_CycleAllMachineLairVisibleStylescategory|InputAction/input_action/=Debug_ReloadSelectXmlDatacategory
InputAction/input_action/=DumpAllDatacategory|InputAction/input_action/=Debug_ReloadSelectXmlDatacategory
InputAction/input_action/=AbortAllThreadscategory|InputAction/input_action/=Debug_ReloadSelectXmlDatacategory
InputAction/input_action/=AbortAllThreadsdisplay_name|CheatType/cheat/=AbortAllThreadsdisplay_name
InputActionCategories/input_category/=Criticaldisplay_name|InputAction/input_action/=ShowDetailedTooltipscategory
InputActionCategories/input_category/=Movementdisplay_name|InputAction/input_action/=MovementSpeedUpcategory
InputActionCategories/input_category/=BattleModedisplay_name|InputAction/input_action/=BattleModedisplay_name
InputActionCategories/input_category/=Debugdisplay_name|InputAction/input_action/=Debug_ReloadSelectXmlDatacategory
InputCode/keycode/=Tabdisplay_name|InputAction/input_action/=Tabdisplay_name
InputCode/keycode/=Spacedisplay_name|BuildingTag/building_tag/=Spacedisplay_name
InputCode/keycode/=Pausedisplay_name|InputAction/input_action/=TogglePausedisplay_name
Language/lang/=CurrentVehicleTypeToDeploytext|Language/lang/=CurrentSquadTypeToDeploytext
Language/lang/=PotentialVehicleTypeToDeploytext|Language/lang/=PotentialSquadTypeToDeploytext
Language/lang/=SysMenu_ExitToDesktoptext|Language/lang/=MainMenu_Exittext
Language/lang/=SaveMenu_Headertext|InputAction/input_action/=SaveGamedisplay_name
Language/lang/=Tooltip_Hotkey_Part2text|InputCode/keycode/=RightParendisplay_name
Language/lang/=Sidebar_CurrentOverlay_Abbrevtext|Language/lang/=BattlefieldStatus_Currenttext
Language/lang/=Districttext|Language/lang/=MapDistricttext
Language/lang/=ArmyDesignWindow_Headertext|InputAction/input_action/=ArmyDesigndisplay_name
Language/lang/=ProductionWindow_OutputRate_EveryFewSecondstext|Language/lang/=ProductionWindow_OutputRate_PerSecondtext
Language/lang/=Faction_Buildingstext|Language/lang/=Sidebar_BuildingsCount_Abbrevtext
Language/lang/=Faction_BuildingsOnListtext|Language/lang/=Sidebar_BuildingsCount_Abbrevtext
Language/lang/=Faction_MachineLairstext|Language/lang/=District_Lairstext
Language/lang/=Inventorytext|InputAction/input_action/=Inventorydisplay_name
Language/lang/=PopulationStatistics_Unemployedtext|Language/lang/=Faction_Unemployedtext
Language/lang/=PopulationStatistics_Housingtext|BuildingTag/building_tag/=Housingdisplay_name
Language/lang/=PopulationStatistics_Workerstext|Language/lang/=Faction_Workerstext
Language/lang/=PopulationStatistics_HousingBlockedByLairtext|Language/lang/=PopulationStatistics_JobsBlockedByLairtext
Language/lang/=NeuroNet_Headertext|InputAction/input_action/=NeuroNetPoliciesdisplay_name
Language/lang/=Number_WholeBasictext|InputCode/keycode/=Alpha0display_name
Language/lang/=Filesize_MegaBytesSuffixtext|Language/lang/=Megabytes_Abbrevtext
Language/lang/=Nonetext|BuildingOverlayType/building_overlay/=BuildModeOverlaydescription
Language/lang/=TechTree_HeaderBasetext|InputAction/input_action/=TechTreesdisplay_name
MachineGood/machine_good/=BasicEyedescription|InputCode/keycode/=Perioddisplay_name
MachineGood/machine_good/=BasicEye_Backdoordescription|InputCode/keycode/=Perioddisplay_name
MachineGood/machine_good/=AdvancedEyedescription|InputCode/keycode/=Perioddisplay_name
MachineGood/machine_good/=AdvancedEye_Backdoordescription|InputCode/keycode/=Perioddisplay_name
MachineGood/machine_good/=BasicLegsdescription|InputCode/keycode/=Perioddisplay_name
MachineGood/machine_good/=BasicLegs_Backdoordescription|InputCode/keycode/=Perioddisplay_name
MachineGood/machine_good/=AdvancedLegsdescription|InputCode/keycode/=Perioddisplay_name
MachineGood/machine_good/=AdvancedLegs_Backdoordisplay_name|MachineGood/machine_good/=AdvancedLegsdisplay_name
MachineGood/machine_good/=AdvancedLegs_Backdoordescription|InputCode/keycode/=Perioddisplay_name
MachineGood/machine_good/=BasicArmsdescription|InputCode/keycode/=Perioddisplay_name
MachineGood/machine_good/=BasicArms_Backdoordisplay_name|MachineGood/machine_good/=BasicArmsdisplay_name
MachineGood/machine_good/=BasicArms_Backdoordescription|InputCode/keycode/=Perioddisplay_name
MachineGood/machine_good/=AdvancedArmsdescription|InputCode/keycode/=Perioddisplay_name
MachineGood/machine_good/=AdvancedArms_Backdoordisplay_name|MachineGood/machine_good/=AdvancedArmsdisplay_name
MachineGood/machine_good/=AdvancedArms_Backdoordescription|InputCode/keycode/=Perioddisplay_name
MachineGood/machine_good/=AdrenalineBoosterdescription|InputCode/keycode/=Perioddisplay_name
MachineGood/machine_good/=AdrenalineBooster_Backdoordisplay_name|MachineGood/machine_good/=AdrenalineBoosterdisplay_name
MachineGood/machine_good/=AdrenalineBooster_Backdoordescription|InputCode/keycode/=Perioddisplay_name
MachineGood/machine_good/=AnesthesiaReleaserdescription|InputCode/keycode/=Perioddisplay_name
MachineGood/machine_good/=AnesthesiaReleaser_Backdoordisplay_name|MachineGood/machine_good/=AnesthesiaReleaserdisplay_name
MachineGood/machine_good/=AnesthesiaReleaser_Backdoordescription|InputCode/keycode/=Perioddisplay_name
MachineGood/machine_good/=SerotoninStabilizerdescription|InputCode/keycode/=Perioddisplay_name
MachineGood/machine_good/=SerotoninStabilizer_Backdoordisplay_name|MachineGood/machine_good/=SerotoninStabilizerdisplay_name
MachineGood/machine_good/=SerotoninStabilizer_Backdoordescription|InputCode/keycode/=Perioddisplay_name
MachineGood/machine_good/=DopamineStabilizerdescription|InputCode/keycode/=Perioddisplay_name
MachineGood/machine_good/=DopamineStabilizer_Backdoordisplay_name|MachineGood/machine_good/=DopamineStabilizerdisplay_name
MachineGood/machine_good/=DopamineStabilizer_Backdoordescription|InputCode/keycode/=Perioddisplay_name
MachineGood/machine_good/=MilitaryHUDdescription|InputCode/keycode/=Perioddisplay_name
MachineGood/machine_good/=MilitaryHUD_Backdoordisplay_name|MachineGood/machine_good/=MilitaryHUDdisplay_name
MachineGood/machine_good/=MilitaryHUD_Backdoordescription|InputCode/keycode/=Perioddisplay_name
MachineGood/machine_good/=VolatileDenturesdescription|InputCode/keycode/=Perioddisplay_name
MachineGood/machine_good/=VolatileDentures_Backdoordisplay_name|MachineGood/machine_good/=VolatileDenturesdisplay_name
MachineGood/machine_good/=VolatileDentures_Backdoordescription|InputCode/keycode/=Perioddisplay_name
MachineGood/machine_good/=Heartstopperdescription|InputCode/keycode/=Perioddisplay_name
MachineGood/machine_good/=Heartstopper_Backdoordisplay_name|MachineGood/machine_good/=Heartstopperdisplay_name
MachineGood/machine_good/=Heartstopper_Backdoordescription|InputCode/keycode/=Perioddisplay_name
MachineGood/machine_good/=GPSChipdescription|InputCode/keycode/=Perioddisplay_name
MachineGood/machine_good/=GPSChip_Backdoordescription|InputCode/keycode/=Perioddisplay_name
MachineLairType/machine_lair_type/=Factorydisplay_name|BuildingTag/building_tag/=Factorydisplay_name
MajorLocationAggregationType/aggregation_type/=Districtdisplay_name|BuildingOverlayType/building_overlay/=Districtsdisplay_name
NeuroNetPopulationType/neuro_net_population_type/=Willingdescription|NeuroNetPopulationType/neuro_net_population_type/=Willingdisplay_name
NeuroNetPopulationType/neuro_net_population_type/=Unwillingdescription|NeuroNetPopulationType/neuro_net_population_type/=Unwillingdisplay_name
NeuroNetPopulationType/neuro_net_population_type/=Prisonerdisplay_name|EconomicClassType/economic_class_type/=Prisonerdisplay_name
NeuroNetPopulationType/neuro_net_population_type/=Prisonerdescription|EconomicClassType/economic_class_type/=Prisonerdisplay_name
PersonTrait/person_trait/=Lazydisplay_name|NPCTrait/npc_trait/=Lazydisplay_name
PersonTrait/person_trait/=Curiositydisplay_name|NPCTrait/npc_trait/=Curiositydisplay_name
PersonTrait/person_trait/=Curiositydescription|NPCTrait/npc_trait/=Curiositydescription
PersonTrait/person_trait/=Intelligentdisplay_name|NPCTrait/npc_trait/=Intelligentdisplay_name
PersonTrait/person_trait/=Uneducateddisplay_name|CohortStatusType/npc_cohort_status_type/=Educationextremely_stressed_name
POIType/poi_type/=CommStationdisplay_name|DistrictType/district_type/=CommStationdisplay_name
POIType/poi_type/=Farmdisplay_name|BuildingTag/building_tag/=Farmdisplay_name
POIType/poi_type/=NuclearSilodisplay_name|BuildingTag/building_tag/=NuclearSilodisplay_name
POIType/poi_type/=Spaceportdisplay_name|BuildingTag/building_tag/=Spaceportdisplay_name
POIType/poi_type/=Casinodisplay_name|BuildingType/building_type/=Casinodisplay_name
POIType/poi_type/=DataCenterdisplay_name|BuildingTag/building_tag/=DataCenterdisplay_name
POIType/poi_type/=EncryptedFleetCommunicationUplinkdisplay_name|BuildingType/building_type/=EncryptedFleetCommunicationUplinkdisplay_name
POIType/poi_type/=AbandonedChurchdisplay_name|BuildingType/building_type/=AbandonedChurchdisplay_name
POIType/poi_type/=MechFactorydisplay_name|BuildingTag/building_tag/=MechFactorydisplay_name
QualitySettingsType/qualitySettingsType/=Mediumdisplay_name|DiffusionRange/diffusion_range/=Mediumdisplay_name
RandomNamePart/name_part/=AN1_Aeronauticdisplay_name|FactionSector/faction_sector/=Aeronauticdisplay_name
RandomNamePart/name_part/=AN2_Aerospacedisplay_name|RandomNamePart/name_part/=AN1_Aerospacedisplay_name
RandomNamePart/name_part/=AG1_Farmdisplay_name|BuildingTag/building_tag/=Farmdisplay_name
RandomNamePart/name_part/=AG2_Agriculturedisplay_name|FactionSector/faction_sector/=Agriculturedisplay_name
RandomNamePart/name_part/=AU1_Automotivedisplay_name|BuildingTag/building_tag/=Automotivedisplay_name
RandomNamePart/name_part/=AU1_Speeddisplay_name|BattleUnitAttributeType/battle_unit_attribute_type/=Speeddisplay_name
RandomNamePart/name_part/=AU2_Automotivedisplay_name|BuildingTag/building_tag/=Automotivedisplay_name
RandomNamePart/name_part/=AU2_Motiondisplay_name|RandomNamePart/name_part/=AU1_Motiondisplay_name
RandomNamePart/name_part/=AU2_Transitdisplay_name|RandomNamePart/name_part/=AU1_Transitdisplay_name
RandomNamePart/name_part/=AU2_Transportdisplay_name|RandomNamePart/name_part/=AU1_Transportdisplay_name
RandomNamePart/name_part/=DF1_Defensedisplay_name|BuildingResilience/building_resilience/=Defensedisplay_name
RandomNamePart/name_part/=DF2_Defensedisplay_name|BuildingResilience/building_resilience/=Defensedisplay_name
RandomNamePart/name_part/=DF2_Memorialdisplay_name|RandomNamePart/name_part/=DF1_Memorialdisplay_name
RandomNamePart/name_part/=DBP1_Enddisplay_name|InputCode/keycode/=Enddisplay_name
RandomNamePart/name_part/=DBP1_Batistadisplay_name|RandomNamePart/name_part/=DBP1_Actondisplay_name
RandomNamePart/name_part/=DBP2_Districtdisplay_name|Language/lang/=MapDistricttext
RandomNamePart/name_part/=DBP2_Malldisplay_name|BuildingType/building_type/=Malldisplay_name
RandomNamePart/name_part/=DBP2_Enddisplay_name|InputCode/keycode/=Enddisplay_name
RandomNamePart/name_part/=DBP2_Farmdisplay_name|BuildingTag/building_tag/=Farmdisplay_name
RandomNamePart/name_part/=DBP2_Sidedisplay_name|RandomNamePart/name_part/=DBP1_Sidedisplay_name
RandomNamePart/name_part/=DBP2_Acresdisplay_name|RandomNamePart/name_part/=AG2_Acresdisplay_name
RandomNamePart/name_part/=DBP2_Diamonddisplay_name|RandomNamePart/name_part/=DBP1_Diamonddisplay_name
RandomNamePart/name_part/=DCC_CityCenterdisplay_name|DistrictType/district_type/=CityCenterdisplay_name
RandomNamePart/name_part/=DCC_Centraldisplay_name|RandomNamePart/name_part/=DBP1_Centraldisplay_name
RandomNamePart/name_part/=ED2_Educationdisplay_name|BuildingTag/building_tag/=Educationdisplay_name
RandomNamePart/name_part/=ED2_Teachingdisplay_name|RandomNamePart/name_part/=ED1_Teachingdisplay_name
RandomNamePart/name_part/=ED2_Schooldisplay_name|BuildingTag/building_tag/=Schooldisplay_name
RandomNamePart/name_part/=ED2_Undergraduatedisplay_name|RandomNamePart/name_part/=ED1_Undergraduatedisplay_name
RandomNamePart/name_part/=ED2_Graduatedisplay_name|RandomNamePart/name_part/=ED1_Graduatedisplay_name
RandomNamePart/name_part/=EG1_Greendisplay_name|RandomNamePart/name_part/=DBP2_Greendisplay_name
RandomNamePart/name_part/=EG2_Energydisplay_name|BuildingTag/building_tag/=Energydisplay_name
RandomNamePart/name_part/=EG2_Electricdisplay_name|RandomNamePart/name_part/=EG1_Electricdisplay_name
RandomNamePart/name_part/=EG2_Nucleardisplay_name|RandomNamePart/name_part/=EG1_Nucleardisplay_name
RandomNamePart/name_part/=EG2_Thermaldisplay_name|RandomNamePart/name_part/=EG1_Thermaldisplay_name
RandomNamePart/name_part/=EG2_Solardisplay_name|RandomNamePart/name_part/=EG1_Solardisplay_name
RandomNamePart/name_part/=EG2_Utilitydisplay_name|RandomNamePart/name_part/=EG1_Utilitydisplay_name
RandomNamePart/name_part/=EN1_Entertainmentdisplay_name|BuildingTag/building_tag/=Entertainmentdisplay_name
RandomNamePart/name_part/=EN2_Entertainmentdisplay_name|BuildingTag/building_tag/=Entertainmentdisplay_name
RandomNamePart/name_part/=FS1_Financialdisplay_name|BuildingTag/building_tag/=Financialdisplay_name
RandomNamePart/name_part/=FS1_Securedisplay_name|CohortStatusType/npc_cohort_status_type/=Safetysatisfied_name
RandomNamePart/name_part/=FS2_Bankdisplay_name|BuildingTag/building_tag/=Bankdisplay_name
RandomNamePart/name_part/=FS2_Bankingdisplay_name|RandomNamePart/name_part/=FS1_Bankingdisplay_name
RandomNamePart/name_part/=FS2_Capitaldisplay_name|RandomNamePart/name_part/=FS1_Capitaldisplay_name
RandomNamePart/name_part/=FS2_Investmentsdisplay_name|InputAction/input_action/=Investmentsdisplay_name
RandomNamePart/name_part/=FS2_Lendingdisplay_name|RandomNamePart/name_part/=FS1_Lendingdisplay_name
RandomNamePart/name_part/=HC1_Healthcaredisplay_name|FactionSector/faction_sector/=Healthcaredisplay_name
RandomNamePart/name_part/=HC1_Healthdisplay_name|BattleUnitAttributeType/battle_unit_attribute_type/=Healthdisplay_name
RandomNamePart/name_part/=HC1_Hospitaldisplay_name|BuildingType/building_type/=Hospitaldisplay_name
RandomNamePart/name_part/=HC2_Healthcaredisplay_name|FactionSector/faction_sector/=Healthcaredisplay_name
RandomNamePart/name_part/=HC2_Treatmentdisplay_name|RandomNamePart/name_part/=HC1_Treatmentdisplay_name
RandomNamePart/name_part/=HO1_Hospitalitydisplay_name|FactionSector/faction_sector/=Hospitalitydisplay_name
RandomNamePart/name_part/=HO2_Hospitalitydisplay_name|FactionSector/faction_sector/=Hospitalitydisplay_name
RandomNamePart/name_part/=IF1_Infrastructuredisplay_name|FactionSector/faction_sector/=Infrastructuredisplay_name
RandomNamePart/name_part/=IF1_Constructiondisplay_name|BuildingTag/building_tag/=Constructiondisplay_name
RandomNamePart/name_part/=IF1_Structuraldisplay_name|BuildingTag/building_tag/=Structuraldisplay_name
RandomNamePart/name_part/=IF2_Infrastructuredisplay_name|FactionSector/faction_sector/=Infrastructuredisplay_name
RandomNamePart/name_part/=IF2_Constructiondisplay_name|BuildingTag/building_tag/=Constructiondisplay_name
RandomNamePart/name_part/=MA1_Manufacturingdisplay_name|FactionSector/faction_sector/=Manufacturingdisplay_name
RandomNamePart/name_part/=MA1_Industrialdisplay_name|BuildingTag/building_tag/=Industrialdisplay_name
RandomNamePart/name_part/=MA2_Manufacturingdisplay_name|FactionSector/faction_sector/=Manufacturingdisplay_name
RandomNamePart/name_part/=MA2_Productiondisplay_name|RandomNamePart/name_part/=MA1_Productiondisplay_name
RandomNamePart/name_part/=MA2_Worksdisplay_name|RandomNamePart/name_part/=MA1_Worksdisplay_name
RandomNamePart/name_part/=MI1_Miningdisplay_name|BuildingTag/building_tag/=Miningdisplay_name
RandomNamePart/name_part/=MI1_Felldisplay_name|RandomNamePart/name_part/=DBP1_Felldisplay_name
RandomNamePart/name_part/=MI1_Irondisplay_name|BuildingResourceType/building_resource/=Irondisplay_name
RandomNamePart/name_part/=MI1_Oildisplay_name|BuildingResourceType/building_resource/=RefinedOildisplay_name
RandomNamePart/name_part/=MI2_Miningdisplay_name|BuildingTag/building_tag/=Miningdisplay_name
RandomNamePart/name_part/=MI2_Extractiondisplay_name|RandomNamePart/name_part/=MI1_Extractiondisplay_name
RandomNamePart/name_part/=MI2_Drillingdisplay_name|RandomNamePart/name_part/=MI1_Drillingdisplay_name
RandomNamePart/name_part/=MI2_Pipelinedisplay_name|RandomNamePart/name_part/=MI1_Pipelinedisplay_name
RandomNamePart/name_part/=PSN_Hoteldisplay_name|BuildingType/building_type/=Hoteldisplay_name
RandomNamePart/name_part/=PSN_Quietdisplay_name|RandomNamePart/name_part/=HO1_Quietdisplay_name
RandomNamePart/name_part/=POI1_Ellisdisplay_name|RandomNamePart/name_part/=PSN_Ellisdisplay_name
RandomNamePart/name_part/=POI1_Lanedisplay_name|RandomNamePart/name_part/=DBP2_Lanedisplay_name
RandomNamePart/name_part/=POI1_Industrialdisplay_name|BuildingTag/building_tag/=Industrialdisplay_name
RandomNamePart/name_part/=POI1_Magnificentdisplay_name|RandomNamePart/name_part/=DBP1_Magnificentdisplay_name
RandomNamePart/name_part/=POI1_Vengeancedisplay_name|RandomNamePart/name_part/=PSN_Vengeancedisplay_name
RandomNamePart/name_part/=POI1_Colossusdisplay_name|BattleUnitType/battle_unit_type/=Player_Colossusdisplay_name
RandomNamePart/name_part/=POI1_Serenedisplay_name|RandomNamePart/name_part/=HO1_Serenedisplay_name
RandomNamePart/name_part/=POI1_Quietdisplay_name|RandomNamePart/name_part/=HO1_Quietdisplay_name
RandomNamePart/name_part/=POI1_Bluffdisplay_name|EncounterAction/encounter_action/=Bluffdisplay_name
RandomNamePart/name_part/=POI1_Drydisplay_name|BuildingStorageType/building_storage_type/=Drydisplay_name
RandomNamePart/name_part/=POI1_Deerdisplay_name|EcoObjectType/eco_object_type/=Deerdisplay_name
RandomNamePart/name_part/=POI1_Ruraldisplay_name|RandomNamePart/name_part/=AG1_Ruraldisplay_name
RandomNamePart/name_part/=POI1_Pastoraldisplay_name|RandomNamePart/name_part/=AG1_Pastoraldisplay_name
RandomNamePart/name_part/=POI1_Greendisplay_name|RandomNamePart/name_part/=DBP2_Greendisplay_name
RandomNamePart/name_part/=POI1_Starkdisplay_name|RandomNamePart/name_part/=MA1_Starkdisplay_name
RandomNamePart/name_part/=POI1_Carverdisplay_name|BattleUnitType/battle_unit_type/=Player_Carverdisplay_name
RandomNamePart/name_part/=POI1_Faradaydisplay_name|RandomNamePart/name_part/=PSN_Faradaydisplay_name
RandomNamePart/name_part/=P_APS_Airportdisplay_name|BuildingTag/building_tag/=Airportdisplay_name
RandomNamePart/name_part/=P_CRL_Cryopolisdisplay_name|POIType/poi_type/=Cryopolisdisplay_name
RandomNamePart/name_part/=P_FRM_Farmsdisplay_name|RandomNamePart/name_part/=AG2_Farmsdisplay_name
RandomNamePart/name_part/=P_FRM_Acresdisplay_name|RandomNamePart/name_part/=AG2_Acresdisplay_name
RandomNamePart/name_part/=P_FRM_Grovedisplay_name|RandomNamePart/name_part/=POI1_Grovedisplay_name
RandomNamePart/name_part/=P_FRMS_Farmdisplay_name|BuildingTag/building_tag/=Farmdisplay_name
RandomNamePart/name_part/=P_FRMS_Ranchdisplay_name|RandomNamePart/name_part/=AG2_Ranchdisplay_name
RandomNamePart/name_part/=P_MIN_Oildisplay_name|BuildingResourceType/building_resource/=RefinedOildisplay_name
RandomNamePart/name_part/=P_PKL_Gardendisplay_name|RandomNamePart/name_part/=POI1_Gardendisplay_name
RandomNamePart/name_part/=P_NUC_Nucleardisplay_name|RandomNamePart/name_part/=EG1_Nucleardisplay_name
RandomNamePart/name_part/=P_THR_Thermaldisplay_name|RandomNamePart/name_part/=EG1_Thermaldisplay_name
RandomNamePart/name_part/=P_THR_ThermalPowerdisplay_name|BuildingOutput/building_output/=ThermalPowerdisplay_name
RandomNamePart/name_part/=P_WIN_WindPowerdisplay_name|BuildingOutput/building_output/=WindPowerdisplay_name
RandomNamePart/name_part/=P_SOL_SolarPowerdisplay_name|BuildingOutput/building_output/=SolarPowerdisplay_name
RandomNamePart/name_part/=P_COU_CountryClubdisplay_name|POIType/poi_type/=CountryClubdisplay_name
RandomNamePart/name_part/=P_MCH_MechFactorydisplay_name|BuildingTag/building_tag/=MechFactorydisplay_name
RandomNamePart/name_part/=P_DS_DataCenterdisplay_name|BuildingTag/building_tag/=DataCenterdisplay_name
RandomNamePart/name_part/=P_CAS_Casinodisplay_name|BuildingType/building_type/=Casinodisplay_name
RandomNamePart/name_part/=RE1_Retaildisplay_name|FactionSector/faction_sector/=Retaildisplay_name
RandomNamePart/name_part/=RE1_Savorydisplay_name|RandomNamePart/name_part/=POI1_Savorydisplay_name
RandomNamePart/name_part/=RE2_Retaildisplay_name|FactionSector/faction_sector/=Retaildisplay_name
RandomNamePart/name_part/=RE2_Warehousedisplay_name|BuildingTag/building_tag/=Warehousedisplay_name
RandomNamePart/name_part/=RE2_Distributiondisplay_name|RandomNamePart/name_part/=RE1_Distributiondisplay_name
RandomNamePart/name_part/=RE2_Marketdisplay_name|RandomNamePart/name_part/=RE1_Marketdisplay_name
RandomNamePart/name_part/=SE1_Securedisplay_name|CohortStatusType/npc_cohort_status_type/=Safetysatisfied_name
RandomNamePart/name_part/=SE2_Protectiondisplay_name|RandomNamePart/name_part/=SE1_Protectiondisplay_name
RandomNamePart/name_part/=SE2_Certificationdisplay_name|RandomNamePart/name_part/=ED2_Certificationdisplay_name
RandomNamePart/name_part/=SE2_Securitydisplay_name|BuildingTag/building_tag/=Securitydisplay_name
RandomNamePart/name_part/=SE2_Lawdisplay_name|RandomNamePart/name_part/=SE1_Lawdisplay_name
RandomNamePart/name_part/=SE2_Gardadisplay_name|RandomNamePart/name_part/=SE1_Gardadisplay_name
RandomNamePart/name_part/=SE2_Gendarmedisplay_name|RandomNamePart/name_part/=SE1_Gendarmedisplay_name
RandomNamePart/name_part/=SH1_Greendisplay_name|RandomNamePart/name_part/=DBP2_Greendisplay_name
RandomNamePart/name_part/=SH1_Wholesaledisplay_name|RandomNamePart/name_part/=RE1_Wholesaledisplay_name
RandomNamePart/name_part/=SH1_Splendiddisplay_name|RandomNamePart/name_part/=POI1_Splendiddisplay_name
RandomNamePart/name_part/=SH1_Resonantdisplay_name|RandomNamePart/name_part/=POI1_Resonantdisplay_name
RandomNamePart/name_part/=SH1_Medicaldisplay_name|BuildingTag/building_tag/=Medicaldisplay_name
RandomNamePart/name_part/=SH1_Uniteddisplay_name|RandomNamePart/name_part/=POI1_Uniteddisplay_name
RandomNamePart/name_part/=SH1_Verdantdisplay_name|RandomNamePart/name_part/=POI1_Verdantdisplay_name
RandomNamePart/name_part/=SH1_Tremendousdisplay_name|RandomNamePart/name_part/=POI1_Tremendousdisplay_name
RandomNamePart/name_part/=SH1_Superiordisplay_name|RandomNamePart/name_part/=POI1_Superiordisplay_name
RandomNamePart/name_part/=SH1_Deltadisplay_name|RandomNamePart/name_part/=PSN_Deltadisplay_name
RandomNamePart/name_part/=SH2_Industriesdisplay_name|RandomNamePart/name_part/=MA2_Industriesdisplay_name
RandomNamePart/name_part/=SH2_Resolutiondisplay_name|RandomNamePart/name_part/=POI1_Resolutiondisplay_name
RandomNamePart/name_part/=SH2_Investmentsdisplay_name|InputAction/input_action/=Investmentsdisplay_name
RandomNamePart/name_part/=SH2_Ambitiondisplay_name|NPCTrait/npc_trait/=Ambitiondisplay_name
RandomNamePart/name_part/=SH2_Agencydisplay_name|NeuroNetPolicyType/neuro_net_policy_type/=Agencydisplay_name
RandomNamePart/name_part/=SH2_Educationdisplay_name|BuildingTag/building_tag/=Educationdisplay_name
RandomNamePart/name_part/=SH2_Aviationdisplay_name|RandomNamePart/name_part/=AN2_Aviationdisplay_name
RandomNamePart/name_part/=SH2_Energydisplay_name|BuildingTag/building_tag/=Energydisplay_name
RandomNamePart/name_part/=SH2_Hubdisplay_name|RandomNamePart/name_part/=DBP2_Hubdisplay_name
RandomNamePart/name_part/=SH2_Healthdisplay_name|BattleUnitAttributeType/battle_unit_attribute_type/=Healthdisplay_name
RandomNamePart/name_part/=SH2_Capitaldisplay_name|RandomNamePart/name_part/=FS1_Capitaldisplay_name
RandomNamePart/name_part/=SH2_Mobiledisplay_name|Language/lang/=DescribedEncounterGroup_DisplayName_Mobiletext
RandomNamePart/name_part/=SH2_Studiosdisplay_name|RandomNamePart/name_part/=EN2_Studiosdisplay_name
RandomNamePart/name_part/=SC_PLCdisplay_name|RandomNamePart/name_part/=C_PLCdisplay_name
RandomNamePart/name_part/=SC_Unltddisplay_name|RandomNamePart/name_part/=C_Unltddisplay_name
RandomNamePart/name_part/=SC_LLPdisplay_name|RandomNamePart/name_part/=C_LLPdisplay_name
RandomNamePart/name_part/=SC_Ltddisplay_name|RandomNamePart/name_part/=C_Ltddisplay_name
RandomNamePart/name_part/=TE1_Technologydisplay_name|FactionSector/faction_sector/=Technologydisplay_name
RandomNamePart/name_part/=TE1_Techdisplay_name|Language/lang/=TechPrefixtext
RandomNamePart/name_part/=TE1_Engineeringdisplay_name|RandomNamePart/name_part/=SH2_Engineeringdisplay_name
RandomNamePart/name_part/=TE2_Technologydisplay_name|FactionSector/faction_sector/=Technologydisplay_name
RandomNamePart/name_part/=TE2_Techdisplay_name|Language/lang/=TechPrefixtext
RandomNamePart/name_part/=TE2_Sciencedisplay_name|RandomNamePart/name_part/=TE1_Sciencedisplay_name
RandomNamePart/name_part/=TE2_Engineeringdisplay_name|RandomNamePart/name_part/=SH2_Engineeringdisplay_name
RandomNamePart/name_part/=TE2_Designdisplay_name|RandomNamePart/name_part/=TE1_Designdisplay_name
RandomNamePart/name_part/=TE2_RnDdisplay_name|RandomNamePart/name_part/=TE1_RnDdisplay_name
RandomNamePart/name_part/=TC2_Telecommunicationsdisplay_name|FactionSector/faction_sector/=Telecommunicationsdisplay_name
RandomNamePart/name_part/=TC2_Telecomdisplay_name|RandomNamePart/name_part/=TC1_Telecomdisplay_name
RandomNamePart/name_part/=TC2_Fibredisplay_name|RandomNamePart/name_part/=TC1_Fibredisplay_name
RandomNamePart/name_part/=TC2_Communicationsdisplay_name|BuildingTag/building_tag/=Communicationsdisplay_name
RandomNamePart/name_part/=TC2_Cabledisplay_name|RandomNamePart/name_part/=TC1_Cabledisplay_name
RandomNamePart/name_part/=TC2_Spectrumdisplay_name|RandomNamePart/name_part/=TC1_Spectrumdisplay_name
Setting/setting/=EnableMusicdisplay_name|RandomNamePart/name_part/=EN2_Musicdisplay_name
Setting/setting/=PhotoMode_depthOfFieldAutofocusDistanceShiftdescription|Setting/setting/=Camera_depthOfFieldAutofocusDistanceShiftdescription
Setting/setting/=PhotoMode_depthOfFieldImageSensorHeightdescription|Setting/setting/=Camera_depthOfFieldImageSensorHeightdescription
Setting/setting/=PhotoMode_depthOfFieldForegroundDistancedescription|Setting/setting/=Camera_depthOfFieldForegroundDistancedescription
Setting/setting/=PhotoMode_depthOfFieldBokehIntensitydescription|Setting/setting/=Camera_depthOfFieldBokehIntensitydescription
Setting/setting/=CameraRotationAndTiltSensitivity_Ydescription|Setting/setting/=CameraRotationAndTiltSensitivity_Xdescription
SettingCategory/setting_category/=Performancedisplay_name|RandomNamePart/name_part/=SH2_Performancedisplay_name
SettingCategory/setting_category/=PhotoModedisplay_name|InputActionCategories/input_category/=PhotoModeCameradisplay_name
SettingCategory/setting_category/=Debugdisplay_name|InputAction/input_action/=Debug_ReloadSelectXmlDatacategory
SettingSubcategory/setting_subcategory/=MainCameradisplay_name|InputActionCategories/input_category/=MainCameradisplay_name
SettingSubcategory/setting_subcategory/=DebugOtherdisplay_name|Language/lang/=DescribedCohortGroup_DisplayName_Othertext
SpaceNationType/space_nation_type/=Republicdisplay_name|RandomNamePart/name_part/=SH2_Republicdisplay_name
Tech/tech/=Financedisplay_name|RandomNamePart/name_part/=FS2_Financedisplay_name
Tech/tech/=LeechProductiondisplay_name|BattleUnitType/battle_unit_type/=Player_Leechdisplay_name
Tech/tech/=CyborgProductiondisplay_name|BattleUnitType/battle_unit_type/=Player_Cyborgdisplay_name
Tech/tech/=CyborgCommanderProductiondisplay_name|BattleUnitType/battle_unit_type/=Player_CyborgCommanderdisplay_name
Tech/tech/=CyborgScientistProductiondisplay_name|BattleUnitType/battle_unit_type/=Player_CyborgScientistdisplay_name
Tech/tech/=CyborgScientistProductiondescription|BattleUnitType/battle_unit_type/=Player_CyborgScientistdescription
Tech/tech/=HaulerProductiondisplay_name|BattleUnitType/battle_unit_type/=Player_Haulerdisplay_name
Tech/tech/=TankerProductiondisplay_name|BattleUnitType/battle_unit_type/=Player_Tankerdisplay_name
Tech/tech/=NanoAntibioticdisplay_name|MachineGood/machine_good/=NanoAntibioticdisplay_name
Tech/tech/=NanoAntiviraldisplay_name|MachineGood/machine_good/=NanoAntiviraldisplay_name
Tech/tech/=NanoAntiFungaldisplay_name|MachineGood/machine_good/=NanoAntiFungaldisplay_name
Tech/tech/=NatureMinderProductiondescription|BattleUnitType/battle_unit_type/=Player_NatureMinderdescription
Tech/tech/=ProtectorProductiondescription|BattleUnitType/battle_unit_type/=Player_Protectordescription
Tech/tech/=Engineeringdisplay_name|RandomNamePart/name_part/=SH2_Engineeringdisplay_name
Tech/tech/=OccultFormationdescription|Tech/tech/=RedHerringdescription
Tech/tech/=MachineCultFormationdescription|Tech/tech/=RedHerringdescription
Tech/tech/=RavenProductiondescription|BattleUnitType/battle_unit_type/=Player_Ravendescription
Tech/tech/=StriderProductiondescription|BattleUnitType/battle_unit_type/=Player_Striderdescription
Tech/tech/=CarverProductiondescription|BattleUnitType/battle_unit_type/=Player_Carverdescription
TechBenefit/tech_benefit/=CultNotorietydescription|TechBenefit/tech_benefit/=CultSecrecydescription
TechBenefit/tech_benefit/=NativeGrassesManipulationdescription|TechBenefit/tech_benefit/=FungusManipulationdescription
TechBenefit/tech_benefit/=NativeShrubsManipulationdescription|TechBenefit/tech_benefit/=FungusManipulationdescription
TechBenefit/tech_benefit/=CactusManipulationdescription|TechBenefit/tech_benefit/=FungusManipulationdescription
TechBenefit/tech_benefit/=ButterflyManipulationdescription|TechBenefit/tech_benefit/=FungusManipulationdescription
TechBenefit/tech_benefit/=CaneToadManipulationdescription|TechBenefit/tech_benefit/=FungusManipulationdescription
TechBenefit/tech_benefit/=DeerManipulationdescription|TechBenefit/tech_benefit/=FungusManipulationdescription
TechBenefit/tech_benefit/=DuckManipulationdescription|TechBenefit/tech_benefit/=FungusManipulationdescription
TechBenefit/tech_benefit/=FoxManipulationdescription|TechBenefit/tech_benefit/=FungusManipulationdescription
TechBenefit/tech_benefit/=PigeonManipulationdescription|TechBenefit/tech_benefit/=FungusManipulationdescription
TechBenefit/tech_benefit/=RaccoonManipulationdescription|TechBenefit/tech_benefit/=FungusManipulationdescription
TechBenefit/tech_benefit/=SongbirdManipulationdescription|TechBenefit/tech_benefit/=FungusManipulationdescription
TechBenefit/tech_benefit/=SpiderManipulationdescription|TechBenefit/tech_benefit/=FungusManipulationdescription
TechBenefit/tech_benefit/=HippoManipulationdescription|TechBenefit/tech_benefit/=FungusManipulationdescription
TechBenefit/tech_benefit/=VelociraptorManipulationdescription|TechBenefit/tech_benefit/=FungusManipulationdescription
TechBenefit/tech_benefit/=WolfManipulationdescription|TechBenefit/tech_benefit/=FungusManipulationdescription
TechBenefit/tech_benefit/=AIModuledisplay_name|MachineGood/machine_good/=AIModuledisplay_name
TechBenefit/tech_benefit/=AIModuledescription|MachineGood/machine_good/=AIModuledescription
TechBenefit/tech_benefit/=Terraformer_Cultivatordisplay_name|MachineGood/machine_good/=Terraformer_Cultivatordisplay_name
TechBenefit/tech_benefit/=Terraformer_Cultivatordescription|MachineGood/machine_good/=Terraformer_Cultivatordescription
TechBenefit/tech_benefit/=Terraformer_Seederdisplay_name|MachineGood/machine_good/=Terraformer_Seederdisplay_name
TechBenefit/tech_benefit/=Terraformer_Seederdescription|MachineGood/machine_good/=Terraformer_Seederdescription
TechBenefit/tech_benefit/=AgroBotdisplay_name|MachineGood/machine_good/=AgroBotdisplay_name
TechBenefit/tech_benefit/=NanoAntibioticdescription|MachineGood/machine_good/=NanoAntibioticdescription
TechBenefit/tech_benefit/=NanoAntiviraldescription|MachineGood/machine_good/=NanoAntiviraldescription
TechBenefit/tech_benefit/=NanoAntiFungaldescription|MachineGood/machine_good/=NanoAntiFungaldescription
TechBenefit/tech_benefit/=FireproofLairsdisplay_name|Tech/tech/=FireproofLairsdisplay_name
TechBenefit/tech_benefit/=RecyclingTechniquesdescription|TechBenefit/tech_benefit/=AdvancedMetallurgydescription
TechBenefit/tech_benefit/=DeploymentHubDrone_Firebugdisplay_name|MachineLairWorkType/machine_lair_work_type/=Firebugdisplay_name
TechBenefit/tech_benefit/=MachineMilitiadisplay_name|Tech/tech/=MachineMilitiadisplay_name
TechBenefit/tech_benefit/=HappyDreamsdisplay_name|Tech/tech/=HappyDreamsdisplay_name
TechBenefit/tech_benefit/=Hydroponicsdisplay_name|MachineLairWorkType/machine_lair_work_type/=Hydroponicsdisplay_name
TechBenefit/tech_benefit/=Keanudisplay_name|BattleUnitType/battle_unit_type/=Player_Keanudisplay_name
TechBenefit/tech_benefit/=Keanudescription|BattleUnitType/battle_unit_type/=Player_Keanudescription
TechBenefit/tech_benefit/=Leechdisplay_name|BattleUnitType/battle_unit_type/=Player_Leechdisplay_name
TechBenefit/tech_benefit/=Leechdescription|BattleUnitType/battle_unit_type/=Player_Leechdescription
TechBenefit/tech_benefit/=Haulerdisplay_name|BattleUnitType/battle_unit_type/=Player_Haulerdisplay_name
TechBenefit/tech_benefit/=Shamblerdisplay_name|BattleUnitType/battle_unit_type/=Player_Shamblerdisplay_name
TechBenefit/tech_benefit/=Shamblerdescription|BattleUnitType/battle_unit_type/=Player_Shamblerdescription
TechBenefit/tech_benefit/=RocketSleddisplay_name|BattleUnitType/battle_unit_type/=Player_RocketSleddisplay_name
TechBenefit/tech_benefit/=RocketSleddescription|BattleUnitType/battle_unit_type/=Player_RocketSleddescription
TechBenefit/tech_benefit/=Cyborgdisplay_name|BattleUnitType/battle_unit_type/=Player_Cyborgdisplay_name
TechBenefit/tech_benefit/=Cyborgdescription|BattleUnitType/battle_unit_type/=Player_Cyborgdescription
TechBenefit/tech_benefit/=Tankerdisplay_name|BattleUnitType/battle_unit_type/=Player_Tankerdisplay_name
TechBenefit/tech_benefit/=SuitcaseRobotdisplay_name|BattleUnitType/battle_unit_type/=Player_SuitcaseRobotdisplay_name
TechBenefit/tech_benefit/=Striderdisplay_name|BattleUnitType/battle_unit_type/=Player_Striderdisplay_name
TechBenefit/tech_benefit/=Striderdescription|BattleUnitType/battle_unit_type/=Player_Striderdescription
TechBenefit/tech_benefit/=Blightdisplay_name|BattleUnitType/battle_unit_type/=Player_Blightdisplay_name
TechBenefit/tech_benefit/=Blightdescription|BattleUnitType/battle_unit_type/=Player_Blightdescription
TechBenefit/tech_benefit/=LiquidMetaldescription|BattleUnitType/battle_unit_type/=Player_LiquidMetalPredatordescription
TechBenefit/tech_benefit/=Protectordisplay_name|BattleUnitType/battle_unit_type/=Player_Protectordisplay_name
TechBenefit/tech_benefit/=Protectordescription|BattleUnitType/battle_unit_type/=Player_Protectordescription
TechBenefit/tech_benefit/=Carverdisplay_name|BattleUnitType/battle_unit_type/=Player_Carverdisplay_name
TechBenefit/tech_benefit/=Wakizashidisplay_name|BattleUnitType/battle_unit_type/=Player_Wakizashidisplay_name
TechBenefit/tech_benefit/=Wakizashidescription|BattleUnitType/battle_unit_type/=Player_Wakizashidescription
TechBenefit/tech_benefit/=Sniperdisplay_name|BattleUnitType/battle_unit_type/=Mil_Sniperdisplay_name
TechBenefit/tech_benefit/=Sniperdescription|BattleUnitType/battle_unit_type/=Player_Sniperdescription
TechBenefit/tech_benefit/=Scattercrawlerdisplay_name|BattleUnitType/battle_unit_type/=Player_Scattercrawlerdisplay_name
TechBenefit/tech_benefit/=Distractordisplay_name|BattleUnitType/battle_unit_type/=Player_Distractordisplay_name
TechBenefit/tech_benefit/=Distractordescription|Tech/tech/=DistractorProductiondescription
TechBenefit/tech_benefit/=Microbotdisplay_name|BattleUnitType/battle_unit_type/=Player_Microbotdisplay_name
TechBenefit/tech_benefit/=Microbotdescription|BattleUnitType/battle_unit_type/=Player_Microbotdescription
TechBenefit/tech_benefit/=Ravendisplay_name|BattleUnitType/battle_unit_type/=Player_Ravendisplay_name
TechBenefit/tech_benefit/=Ravendescription|BattleUnitType/battle_unit_type/=Player_Ravendescription
TechBenefit/tech_benefit/=NatureMinderdisplay_name|BattleUnitType/battle_unit_type/=Player_NatureMinderdisplay_name
TechBenefit/tech_benefit/=NatureMinderdescription|BattleUnitType/battle_unit_type/=Player_NatureMinderdescription
TechBenefit/tech_benefit/=Doomsayerdisplay_name|BattleUnitType/battle_unit_type/=Player_Doomsayerdisplay_name
TechBenefit/tech_benefit/=Doomsayerdescription|BattleUnitType/battle_unit_type/=Player_Doomsayerdescription
TechBenefit/tech_benefit/=CyborgCommanderdisplay_name|BattleUnitType/battle_unit_type/=Player_CyborgCommanderdisplay_name
TechBenefit/tech_benefit/=CyborgCommanderdescription|BattleUnitType/battle_unit_type/=Player_CyborgCommanderdescription
TechBenefit/tech_benefit/=CyborgScientistdisplay_name|BattleUnitType/battle_unit_type/=Player_CyborgScientistdisplay_name
TechBenefit/tech_benefit/=CyborgScientistdescription|BattleUnitType/battle_unit_type/=Player_CyborgScientistdescription
TechBenefit/tech_benefit/=Pyroiddisplay_name|BattleUnitType/battle_unit_type/=Player_Pyroiddisplay_name
TechBenefit/tech_benefit/=Pyroiddescription|BattleUnitType/battle_unit_type/=Player_Pyroiddescription
TechBenefit/tech_benefit/=Ghostrunnerdisplay_name|BattleUnitType/battle_unit_type/=Player_Ghostrunnerdisplay_name
TechBenefit/tech_benefit/=Ghostrunnerdescription|BattleUnitType/battle_unit_type/=Player_Ghostrunnerdescription
TechBenefit/tech_benefit/=Tinkerdisplay_name|BattleUnitType/battle_unit_type/=Player_Tinkerdisplay_name
TechBenefit/tech_benefit/=Tinkerdescription|BattleUnitType/battle_unit_type/=Player_Tinkerdescription
TechBenefit/tech_benefit/=Seekerdisplay_name|BattleUnitType/battle_unit_type/=Player_Seekerdisplay_name
TechBenefit/tech_benefit/=Seekerdescription|BattleUnitType/battle_unit_type/=Player_Seekerdescription
TechBenefit/tech_benefit/=Electrodedisplay_name|BattleUnitType/battle_unit_type/=Player_Electrodedisplay_name
TechBenefit/tech_benefit/=Electrodedescription|BattleUnitType/battle_unit_type/=Player_Electrodedescription
TechBenefit/tech_benefit/=Valkyriedisplay_name|BattleUnitType/battle_unit_type/=Player_Valkyriedisplay_name
TechBenefit/tech_benefit/=Harbingerdisplay_name|BattleUnitType/battle_unit_type/=Player_Harbingerdisplay_name
TechBenefit/tech_benefit/=Harbingerdescription|BattleUnitType/battle_unit_type/=Player_Harbingerdescription
TechBenefit/tech_benefit/=Colossusdisplay_name|BattleUnitType/battle_unit_type/=Player_Colossusdisplay_name
TechBenefit/tech_benefit/=Colossusdescription|BattleUnitType/battle_unit_type/=Player_Colossusdescription
TechBenefit/tech_benefit/=Voltwalkerdisplay_name|BattleUnitType/battle_unit_type/=Player_Voltwalkerdisplay_name
TechBenefit/tech_benefit/=Voltwalkerdescription|BattleUnitType/battle_unit_type/=Player_Voltwalkerdescription
TechBenefit/tech_benefit/=ArtilleryMechdisplay_name|BattleUnitType/battle_unit_type/=Player_ArtilleryMechdisplay_name
TechBenefit/tech_benefit/=ArtilleryMechdescription|BattleUnitType/battle_unit_type/=Player_ArtilleryMechdescription
TechBenefit/tech_benefit/=BreachingDropPoddisplay_name|BattleUnitType/battle_unit_type/=Player_BreachingDroppoddisplay_name
TechBenefit/tech_benefit/=BreachingDropPoddescription|BattleUnitType/battle_unit_type/=Player_BreachingDroppoddescription
TechBenefit/tech_benefit/=ExplosiveDropPoddisplay_name|BattleUnitType/battle_unit_type/=Player_ExplosiveDroppoddisplay_name
TechBenefit/tech_benefit/=ExplosiveDropPoddescription|BattleUnitType/battle_unit_type/=Player_ExplosiveDroppoddescription
TechBenefit/tech_benefit/=EMPDropPoddisplay_name|BattleUnitType/battle_unit_type/=Player_EMPDropPoddisplay_name
TechBenefit/tech_benefit/=EMPDropPoddescription|BattleUnitType/battle_unit_type/=Player_EMPDropPoddescription
TechBenefit/tech_benefit/=StormpodStunDropPoddisplay_name|BattleUnitType/battle_unit_type/=Player_StormpodStunDropPoddisplay_name
TechBenefit/tech_benefit/=StormpodStunDropPoddescription|BattleUnitType/battle_unit_type/=Player_StormpodStunDropPoddescription
TechBenefit/tech_benefit/=AtomicDropPoddisplay_name|BattleUnitType/battle_unit_type/=Player_AtomicDropPoddisplay_name
TechBenefit/tech_benefit/=AtomicDropPoddescription|BattleUnitType/battle_unit_type/=Player_AtomicDropPoddescription
TechBenefit/tech_benefit/=BasicTransportdescription|BattleUnitType/battle_unit_type/=Player_BasicTransportdescription
TechBenefit/tech_benefit/=StealthTransportdisplay_name|BattleUnitType/battle_unit_type/=Player_StealthTransportdisplay_name
TechBenefit/tech_benefit/=StealthTransportdescription|BattleUnitType/battle_unit_type/=Player_StealthTransportdescription
TechBenefit/tech_benefit/=SupportTransportdisplay_name|BattleUnitType/battle_unit_type/=Player_SupportTransportdisplay_name
TechBenefit/tech_benefit/=SupportTransportdescription|BattleUnitType/battle_unit_type/=Player_SupportTransportdescription
TechBenefit/tech_benefit/=AssaultGunshipdisplay_name|BattleUnitType/battle_unit_type/=Player_AssaultGunshipdisplay_name
TechBenefit/tech_benefit/=AssaultGunshipdescription|BattleUnitType/battle_unit_type/=Player_AssaultGunshipdescription
TechBenefit/tech_benefit/=StealthGunshipdisplay_name|BattleUnitType/battle_unit_type/=Player_StealthGunshipdisplay_name
TechBenefit/tech_benefit/=StealthGunshipdescription|BattleUnitType/battle_unit_type/=Player_StealthGunshipdescription
TechBenefit/tech_benefit/=MissileRackdescription|BattleUnitPlayerActiveAbilityType/battle_unit_player_active_ability_type/=MissileRackdescription
TechBenefit/tech_benefit/=LaserBladesdescription|BattleUnitPlayerActiveAbilityType/battle_unit_player_active_ability_type/=LaserKatanadescription
TechTree/tech_tree/=Computingdisplay_name|RandomNamePart/name_part/=TE2_Computingdisplay_name
TechTree/tech_tree/=Roboticsdisplay_name|RandomNamePart/name_part/=SH2_Roboticsdisplay_name
TechTree/tech_tree/=Nanotechdisplay_name|BuildingTag/building_tag/=Nanotechdisplay_name
TrendChangeReason/trend_change_reason/=Income_FactionOtherdisplay_name|TrendChangeReason/trend_change_reason/=Income_MachineOtherdisplay_name
TrendChangeReason/trend_change_reason/=Income_BuildingFromVigilantedisplay_name|TrendChangeReason/trend_change_reason/=Income_FactionFromVigilantedisplay_name
TrendChangeReason/trend_change_reason/=Income_BuildingFromShellCompaniesdisplay_name|TrendChangeReason/trend_change_reason/=Income_FactionFromShellCompaniesdisplay_name
TrendChangeReason/trend_change_reason/=Income_BuildingOtherdisplay_name|TrendChangeReason/trend_change_reason/=Income_MachineOtherdisplay_name
UIOtherCategory/ui_other_category/=Army_Vehiclesdisplay_name|RandomNamePart/name_part/=AU2_Vehiclesdisplay_name
UISidebarBasicItem/ui_sidebar_item/=CohortDirectorydisplay_name|Language/lang/=CohortDirectory_Headertext
UISidebarBasicItem/ui_sidebar_item/=EncounterDirectorydisplay_name|Language/lang/=EncounterDirectory_Headertext
UISidebarBasicItem/ui_sidebar_item/=FactionDirectory_ByTypedisplay_name|Language/lang/=FactionDirectory_Headertext
UISidebarBasicItem/ui_sidebar_item/=GeneManipulationdisplay_name|Language/lang/=EcologyGeneEditing_Headertext
UISidebarBasicItem/ui_sidebar_item/=BuildingDirectorydisplay_name|Language/lang/=BuildingDirectory_Headertext
UISidebarBasicItem/ui_sidebar_item/=Inventorydisplay_name|InputAction/input_action/=Inventorydisplay_name
UISidebarBasicItem/ui_sidebar_item/=ArmyDesigndisplay_name|InputAction/input_action/=ArmyDesigndisplay_name
UISidebarBasicItem/ui_sidebar_item/=Performancedisplay_name|RandomNamePart/name_part/=SH2_Performancedisplay_name
UISidebarBasicItem/ui_sidebar_item/=SaveGamedisplay_name|InputAction/input_action/=SaveGamedisplay_name
UISidebarBasicItem/ui_sidebar_item/=Settingsdisplay_name|Language/lang/=MainMenu_Settingstext
UISidebarBasicItem/ui_sidebar_item/=Controlsdisplay_name|Language/lang/=MainMenu_Controlstext
UISidebarBasicItem/ui_sidebar_item/=Cheatsdisplay_name|Language/lang/=CheatWindow_Headertext
UISidebarBasicItem/ui_sidebar_item/=Discorddisplay_name|Language/lang/=SysMenu_Discordtext
UISidebarBasicItem/ui_sidebar_item/=Quitdisplay_name|Language/lang/=SysMenu_QuitGametext
UISidebarType/ui_sidebar_type/=Utilitydisplay_name|RandomNamePart/name_part/=EG1_Utilitydisplay_name
UIX_BuildingDisplayStyle/display_style/=Normaldisplay_name|BuildingOverlayType/building_overlay/=Normaldisplay_name
UIX_BuildingResourceDisplayStyle/display_style/=Normaldisplay_name|BuildingOverlayType/building_overlay/=Normaldisplay_name
UIX_BuildingResourceSortAndFilter/filter/=Normaldisplay_name|BuildingOverlayType/building_overlay/=Normaldisplay_name
UIX_BuildingSortAndFilter/filter/=ByNamedescription|UIX_BuildingResourceSortAndFilter/filter/=Normaldescription
UIX_CohortDisplayStyle/display_style/=Normaldisplay_name|BuildingOverlayType/building_overlay/=Normaldisplay_name
UIX_CohortSortAndFilter/filter/=Normaldisplay_name|BuildingOverlayType/building_overlay/=Normaldisplay_name
UIX_CohortSortAndFilter/filter/=Normaldescription|UIX_BuildingResourceSortAndFilter/filter/=Normaldescription
UIX_DistrictResourceDisplayStyle/display_style/=Normaldisplay_name|BuildingOverlayType/building_overlay/=Normaldisplay_name
UIX_DistrictResourceDisplayStyle/display_style/=Normaldescription|UIX_BuildingResourceDisplayStyle/display_style/=Normaldescription
UIX_DistrictResourceSortAndFilter/filter/=Normaldisplay_name|BuildingOverlayType/building_overlay/=Normaldisplay_name
UIX_DistrictResourceSortAndFilter/filter/=Normaldescription|UIX_BuildingResourceSortAndFilter/filter/=Normaldescription
UIX_EncounterDisplayStyle/display_style/=Normaldisplay_name|BuildingOverlayType/building_overlay/=Normaldisplay_name
UIX_EncounterDisplayStyle/display_style/=Normaldescription|UIX_CohortDisplayStyle/display_style/=Normaldescription
UIX_EncounterSortAndFilter/filter/=Normaldisplay_name|BuildingOverlayType/building_overlay/=Normaldisplay_name
UIX_EncounterSortAndFilter/filter/=Normaldescription|UIX_BuildingResourceSortAndFilter/filter/=Normaldescription
UIX_FactionDisplayStyle/display_style/=Normaldisplay_name|BuildingOverlayType/building_overlay/=Normaldisplay_name
UIX_FactionResourceDisplayStyle/display_style/=Normaldisplay_name|BuildingOverlayType/building_overlay/=Normaldisplay_name
UIX_FactionResourceDisplayStyle/display_style/=Normaldescription|UIX_BuildingResourceDisplayStyle/display_style/=Normaldescription
UIX_FactionResourceSortAndFilter/filter/=Normaldisplay_name|BuildingOverlayType/building_overlay/=Normaldisplay_name
UIX_FactionResourceSortAndFilter/filter/=Normaldescription|UIX_BuildingResourceSortAndFilter/filter/=Normaldescription
UIX_FactionSortAndFilter/filter/=Normaldisplay_name|BuildingOverlayType/building_overlay/=Normaldisplay_name
UIX_FactionSortAndFilter/filter/=Normaldescription|UIX_BuildingResourceSortAndFilter/filter/=Normaldescription
UIX_MajorLocationDisplayStyle/display_style/=Normaldisplay_name|BuildingOverlayType/building_overlay/=Normaldisplay_name
UIX_MajorLocationSortAndFilter/filter/=ByNamedisplay_name|UIX_BuildingSortAndFilter/filter/=ByNamedisplay_name
UIX_MajorLocationSortAndFilter/filter/=ByNamedescription|UIX_BuildingResourceSortAndFilter/filter/=Normaldescription
UIX_PopulationStatisticsDisplayStyle/display_style/=Normaldisplay_name|BuildingOverlayType/building_overlay/=Normaldisplay_name
UIX_PopulationStatisticsDisplayStyle/display_style/=Normaldescription|UIX_MajorLocationDisplayStyle/display_style/=Normaldescription
