RandomNamePart/name_part/=AN1_Aerodisplay_name|Aero
RandomNamePart/name_part/=AN1_Northwestdisplay_name|Northwest
RandomNamePart/name_part/=AN1_Northerndisplay_name|Northern
RandomNamePart/name_part/=AN1_Northeastdisplay_name|Northeast
RandomNamePart/name_part/=AN1_Aerospacedisplay_name|Aerospace
RandomNamePart/name_part/=AN1_Airbornedisplay_name|Airborne
RandomNamePart/name_part/=AN1_Flightdisplay_name|Flight
RandomNamePart/name_part/=AN1_Stratospheredisplay_name|Stratosphere
RandomNamePart/name_part/=AN1_Ionospheredisplay_name|Ionosphere
RandomNamePart/name_part/=AN1_Exospheredisplay_name|Exosphere
RandomNamePart/name_part/=AN1_Ionopausedisplay_name|Ionopause
RandomNamePart/name_part/=AN1_Atmosphericdisplay_name|Atmospheric
RandomNamePart/name_part/=AN1_Ozonedisplay_name|Ozone
RandomNamePart/name_part/=AN2_Aeronauticsdisplay_name|Aeronautics
RandomNamePart/name_part/=AN2_Aviationdisplay_name|Aviation
RandomNamePart/name_part/=AN2_Airlinesdisplay_name|Airlines
RandomNamePart/name_part/=AN2_Flightsdisplay_name|Flights
RandomNamePart/name_part/=AN2_Atmosphericsdisplay_name|Atmospherics
RandomNamePart/name_part/=AG1_Agriculturaldisplay_name|Agricultural
RandomNamePart/name_part/=AG1_Windydisplay_name|Windy
RandomNamePart/name_part/=AG1_WideOpendisplay_name|Wide Open
RandomNamePart/name_part/=AG1_Ruraldisplay_name|Rural
RandomNamePart/name_part/=AG1_Pastoraldisplay_name|Pastoral
RandomNamePart/name_part/=AG1_Cropdisplay_name|Crop
RandomNamePart/name_part/=AG1_Rangelanddisplay_name|Rangeland
RandomNamePart/name_part/=AG1_Landdisplay_name|Land
RandomNamePart/name_part/=AG2_Farmsdisplay_name|Farms
RandomNamePart/name_part/=AG2_Acresdisplay_name|Acres
RandomNamePart/name_part/=AG2_Pasturesdisplay_name|Pastures
RandomNamePart/name_part/=AG2_Farmlanddisplay_name|Farmland
RandomNamePart/name_part/=AG2_Tillagedisplay_name|Tillage
RandomNamePart/name_part/=AG2_Cultivationdisplay_name|Cultivation
RandomNamePart/name_part/=AG2_Ranchdisplay_name|Ranch
RandomNamePart/name_part/=AG2_Hatcherydisplay_name|Hatchery
RandomNamePart/name_part/=AU1_Motiondisplay_name|Motion
RandomNamePart/name_part/=AU1_Transitdisplay_name|Transit
RandomNamePart/name_part/=AU1_Transportdisplay_name|Transport
RandomNamePart/name_part/=AU1_Vehiculardisplay_name|Vehicular
RandomNamePart/name_part/=AU1_JetPropelleddisplay_name|Jet-Propelled
RandomNamePart/name_part/=AU1_Motoriseddisplay_name|Motorised
RandomNamePart/name_part/=AU1_Breakawaydisplay_name|Breakaway
RandomNamePart/name_part/=AU1_Volitiondisplay_name|Volition
RandomNamePart/name_part/=AU1_Synchromeshdisplay_name|Synchromesh
RandomNamePart/name_part/=AU2_Excursionsdisplay_name|Excursions
RandomNamePart/name_part/=AU2_Vehiclesdisplay_name|Vehicles
RandomNamePart/name_part/=AU2_Mechanicaldisplay_name|Mechanical
RandomNamePart/name_part/=AU2_Navigationdisplay_name|Navigation
RandomNamePart/name_part/=C_PLCdisplay_name|PLC
RandomNamePart/name_part/=C_Unltddisplay_name|Unltd
RandomNamePart/name_part/=C_LLPdisplay_name|LLP
RandomNamePart/name_part/=C_Ltddisplay_name|Ltd
RandomNamePart/name_part/=DF1_Martialdisplay_name|Martial
RandomNamePart/name_part/=DF1_Memorialdisplay_name|Memorial
RandomNamePart/name_part/=DF1_Armeddisplay_name|Armed
RandomNamePart/name_part/=DF1_Operationaldisplay_name|Operational
RandomNamePart/name_part/=DF2_Corpsdisplay_name|Corps
RandomNamePart/name_part/=DBP1_Acolytedisplay_name|Acolyte
RandomNamePart/name_part/=DBP1_Lowerdisplay_name|Lower
RandomNamePart/name_part/=DBP1_Upperdisplay_name|Upper
RandomNamePart/name_part/=DBP1_Zoandisplay_name|Zoan
RandomNamePart/name_part/=DBP1_Loftdisplay_name|Loft
RandomNamePart/name_part/=DBP1_Felldisplay_name|Fell
RandomNamePart/name_part/=DBP1_Sproutdisplay_name|Sprout
RandomNamePart/name_part/=DBP1_Brigdisplay_name|Brig
RandomNamePart/name_part/=DBP1_Shanndisplay_name|Shann
RandomNamePart/name_part/=DBP1_Miohdisplay_name|Mioh
RandomNamePart/name_part/=DBP1_Kinlimdisplay_name|Kinlim
RandomNamePart/name_part/=DBP1_Trapdisplay_name|Trap
RandomNamePart/name_part/=DBP1_Tastedisplay_name|Taste
RandomNamePart/name_part/=DBP1_Deodisplay_name|Deo
RandomNamePart/name_part/=DBP1_Gekdisplay_name|Gek
RandomNamePart/name_part/=DBP1_Cornerdisplay_name|Corner
RandomNamePart/name_part/=DBP1_Lathedisplay_name|Lathe
RandomNamePart/name_part/=DBP1_Circledisplay_name|Circle
RandomNamePart/name_part/=DBP1_Swealdisplay_name|Sweal
RandomNamePart/name_part/=DBP1_Oatdisplay_name|Oat
RandomNamePart/name_part/=DBP1_Galddisplay_name|Gald
RandomNamePart/name_part/=DBP1_Littledisplay_name|Little
RandomNamePart/name_part/=DBP1_Nurkdisplay_name|Nurk
RandomNamePart/name_part/=DBP1_Sidedisplay_name|Side
RandomNamePart/name_part/=DBP1_Wattdisplay_name|Watt
RandomNamePart/name_part/=DBP1_Zealdisplay_name|Zeal
RandomNamePart/name_part/=DBP1_Sorrowdisplay_name|Sorrow
RandomNamePart/name_part/=DBP1_Thedisplay_name|The
RandomNamePart/name_part/=DBP1_Sunkendisplay_name|Sunken
RandomNamePart/name_part/=DBP1_Towerdisplay_name|Tower
RandomNamePart/name_part/=DBP1_Westdisplay_name|West
RandomNamePart/name_part/=DBP1_Eastdisplay_name|East
RandomNamePart/name_part/=DBP1_Northdisplay_name|North
RandomNamePart/name_part/=DBP1_Southdisplay_name|South
RandomNamePart/name_part/=DBP1_Diamonddisplay_name|Diamond
RandomNamePart/name_part/=DBP1_Maidadisplay_name|Maida
RandomNamePart/name_part/=DBP1_Magnificentdisplay_name|Magnificent
RandomNamePart/name_part/=DBP1_Bauerdisplay_name|Bauer
RandomNamePart/name_part/=DBP1_Annandisplay_name|Annan
RandomNamePart/name_part/=DBP1_Mistydisplay_name|Misty
RandomNamePart/name_part/=DBP1_Centraldisplay_name|Central
RandomNamePart/name_part/=DBP1_Arnolddisplay_name|Arnold
RandomNamePart/name_part/=DBP1_Tarpedisplay_name|Tarpe
RandomNamePart/name_part/=DBP1_Neodisplay_name|Neo
RandomNamePart/name_part/=DBP1_Spiredisplay_name|Spire
RandomNamePart/name_part/=DBP1_Stardisplay_name|Star
RandomNamePart/name_part/=DBP1_Actondisplay_name|Acton
RandomNamePart/name_part/=DBP1_Trinitydisplay_name|Trinity
RandomNamePart/name_part/=DBP2_Bowerydisplay_name|Bowery
RandomNamePart/name_part/=DBP2_Heightsdisplay_name|Heights
RandomNamePart/name_part/=DBP2_Lanedisplay_name|Lane
RandomNamePart/name_part/=DBP2_Hubdisplay_name|Hub
RandomNamePart/name_part/=DBP2_Valedisplay_name|Vale
RandomNamePart/name_part/=DBP2_Heathdisplay_name|Heath
RandomNamePart/name_part/=DBP2_Valleydisplay_name|Valley
RandomNamePart/name_part/=DBP2_Alleydisplay_name|Alley
RandomNamePart/name_part/=DBP2_Miledisplay_name|Mile
RandomNamePart/name_part/=DBP2_Loopdisplay_name|Loop
RandomNamePart/name_part/=DBP2_Hilldisplay_name|Hill
RandomNamePart/name_part/=DBP2_Parkdisplay_name|Park
RandomNamePart/name_part/=DBP2_Crossdisplay_name|Cross
RandomNamePart/name_part/=DBP2_Greendisplay_name|Green
RandomNamePart/name_part/=DBP2_Coastdisplay_name|Coast
RandomNamePart/name_part/=DBP2_Towndisplay_name|Town
RandomNamePart/name_part/=DBP2_Viewdisplay_name|View
RandomNamePart/name_part/=DBP2_Daledisplay_name|Dale
RandomNamePart/name_part/=DBP2_Wooddisplay_name|Wood
RandomNamePart/name_part/=DBP2_Villedisplay_name|Ville
RandomNamePart/name_part/=DBP2_Yardsdisplay_name|Yards
RandomNamePart/name_part/=DBP2_Oakdisplay_name|Oak
RandomNamePart/name_part/=DBP2_Squaredisplay_name|Square
RandomNamePart/name_part/=DBP2_Fallsdisplay_name|Falls
RandomNamePart/name_part/=DBP2_Sharddisplay_name|Shard
RandomNamePart/name_part/=DBP2_Mistsdisplay_name|Mists
RandomNamePart/name_part/=DBP2_Gatesdisplay_name|Gates
RandomNamePart/name_part/=DCC_Downtowndisplay_name|Downtown
RandomNamePart/name_part/=DSC_TheSpokedisplay_name|The Spoke
RandomNamePart/name_part/=DSC_TheTriangledisplay_name|The Triangle
RandomNamePart/name_part/=DSC_TheAnnexdisplay_name|The Annex
RandomNamePart/name_part/=DSC_SecondCitydisplay_name|Second City
RandomNamePart/name_part/=DSC_SolusHubdisplay_name|Solus Hub
RandomNamePart/name_part/=DDPT_TheRuinsdisplay_name|The Ruins
RandomNamePart/name_part/=DDPT_TheWastesdisplay_name|The Wastes
RandomNamePart/name_part/=DDPT_TheAshHeapdisplay_name|The Ash Heap
RandomNamePart/name_part/=DDPT_OldTowndisplay_name|Old Town
RandomNamePart/name_part/=DDPT_ThePolylithdisplay_name|The Polylith
RandomNamePart/name_part/=DDPT_Blightwooddisplay_name|Blightwood
RandomNamePart/name_part/=DSL_TheNarrowsdisplay_name|The Narrows
RandomNamePart/name_part/=DSL_SquattersDowndisplay_name|Squatter's Down
RandomNamePart/name_part/=DSL_ShankValleydisplay_name|Shank Valley
RandomNamePart/name_part/=DSL_DuskDistrictdisplay_name|Dusk District
RandomNamePart/name_part/=DSUB_WoodedAcresdisplay_name|Wooded Acres
RandomNamePart/name_part/=DSUB_ShadyGrovedisplay_name|Shady Grove
RandomNamePart/name_part/=DSUB_PointHilldisplay_name|Point Hill
RandomNamePart/name_part/=DSUB_TheMiddisplay_name|The Mid
RandomNamePart/name_part/=DIND_IndustryParkdisplay_name|Industry Park
RandomNamePart/name_part/=DIND_FactoryRowdisplay_name|Factory Row
RandomNamePart/name_part/=DIND_ChemEconomydisplay_name|Chem Economy
RandomNamePart/name_part/=DCOM_TheGildedDistrictdisplay_name|The Gilded District
RandomNamePart/name_part/=DCOM_OpulenceDistrictdisplay_name|Opulence District
RandomNamePart/name_part/=DCOM_BronzeDistrictdisplay_name|Bronze District
RandomNamePart/name_part/=DMIL_BernCitadeldisplay_name|Bern Citadel
RandomNamePart/name_part/=DMIL_HamptonCitadeldisplay_name|Hampton Citadel
RandomNamePart/name_part/=DMIL_SelsmireCitadeldisplay_name|Selsmire Citadel
RandomNamePart/name_part/=DMIL_FortResolutedisplay_name|Fort Resolute
RandomNamePart/name_part/=DMIL_FortHardingdisplay_name|Fort Harding
RandomNamePart/name_part/=DMIL_FortMiserthdisplay_name|Fort Miserth
RandomNamePart/name_part/=DMIL_FortFerndisplay_name|Fort Fern
RandomNamePart/name_part/=DMIL_WeavingStrongholddisplay_name|Weaving Stronghold
RandomNamePart/name_part/=DMIL_StappletonStrongholddisplay_name|Stappleton Stronghold
RandomNamePart/name_part/=DMIL_BlackdownStrongholddisplay_name|Blackdown Stronghold
RandomNamePart/name_part/=DNPOW_BakerMemorialPlantdisplay_name|Baker Memorial Plant
RandomNamePart/name_part/=DNPOW_SheffieldMemorialPlantdisplay_name|Sheffield Memorial Plant
RandomNamePart/name_part/=DNPOW_HarrisMemorialPlantdisplay_name|Harris Memorial Plant
RandomNamePart/name_part/=DNPOW_BeakerMemorialPlantdisplay_name|Beaker Memorial Plant
RandomNamePart/name_part/=DNSIL_WintersholdSilodisplay_name|Wintershold Silo
RandomNamePart/name_part/=DNSIL_CainSilodisplay_name|Cain Silo
RandomNamePart/name_part/=DNSIL_WalbridgeSilodisplay_name|Walbridge Silo
RandomNamePart/name_part/=DNSIL_PraetorSilodisplay_name|Praetor Silo
RandomNamePart/name_part/=DNSIL_BerghorSilodisplay_name|Berghor Silo
RandomNamePart/name_part/=DNSIL_DarthillSilodisplay_name|Darthill Silo
RandomNamePart/name_part/=DNSIL_WhetstoneSilodisplay_name|Whetstone Silo
RandomNamePart/name_part/=DNSIL_EagleviewSilodisplay_name|Eagleview Silo
RandomNamePart/name_part/=DSCI_HatfieldObservatorydisplay_name|Hatfield Observatory
RandomNamePart/name_part/=DSCI_MorrisObservatorydisplay_name|Morris Observatory
RandomNamePart/name_part/=DSCI_CantwelObservatorydisplay_name|Cantwel Observatory
RandomNamePart/name_part/=DSCI_HoldenObservatorydisplay_name|Holden Observatory
RandomNamePart/name_part/=DCOM_TautoStationdisplay_name|Tauto Station
RandomNamePart/name_part/=DCOM_BackbeatStationdisplay_name|Backbeat Station
RandomNamePart/name_part/=DCOM_SynStationdisplay_name|Syn Station
RandomNamePart/name_part/=DCOM_LareStationdisplay_name|Lare Station
RandomNamePart/name_part/=DCOM_TreblyStationdisplay_name|Trebly Station
RandomNamePart/name_part/=DCOM_NiferoStationdisplay_name|Nifero Station
RandomNamePart/name_part/=DSPACE_Spaceportdisplay_name|The Spaceport
RandomNamePart/name_part/=ED1_Educationaldisplay_name|Educational
RandomNamePart/name_part/=ED1_Pedagogicaldisplay_name|Pedagogical
RandomNamePart/name_part/=ED1_Teachingdisplay_name|Teaching
RandomNamePart/name_part/=ED1_Vocationaldisplay_name|Vocational
RandomNamePart/name_part/=ED1_Knowledgedisplay_name|Knowledge
RandomNamePart/name_part/=ED1_Informationdisplay_name|Information
RandomNamePart/name_part/=ED1_Qualificationdisplay_name|Qualification
RandomNamePart/name_part/=ED1_Facultydisplay_name|Faculty
RandomNamePart/name_part/=ED1_Collegiatedisplay_name|Collegiate
RandomNamePart/name_part/=ED1_Undergraduatedisplay_name|Undergraduate
RandomNamePart/name_part/=ED1_Graduatedisplay_name|Graduate
RandomNamePart/name_part/=ED1_Institutionaldisplay_name|Institutional
RandomNamePart/name_part/=ED2_Instructiondisplay_name|Instruction
RandomNamePart/name_part/=ED2_Learningdisplay_name|Learning
RandomNamePart/name_part/=ED2_Collegedisplay_name|College
RandomNamePart/name_part/=ED2_Universitydisplay_name|University
RandomNamePart/name_part/=ED2_Institutedisplay_name|Institute
RandomNamePart/name_part/=ED2_Polytechnicdisplay_name|Polytechnic
RandomNamePart/name_part/=ED2_Certificationdisplay_name|Certification
RandomNamePart/name_part/=EG1_Nucleardisplay_name|Nuclear
RandomNamePart/name_part/=EG1_Electricdisplay_name|Electric
RandomNamePart/name_part/=EG1_Thermaldisplay_name|Thermal
RandomNamePart/name_part/=EG1_Solardisplay_name|Solar
RandomNamePart/name_part/=EG1_Utilitydisplay_name|Utility
RandomNamePart/name_part/=EG1_Powereddisplay_name|Powered
RandomNamePart/name_part/=EG2_Powerdisplay_name|Power
RandomNamePart/name_part/=EG2_Electricaldisplay_name|Electrical
RandomNamePart/name_part/=EG2_Mainsdisplay_name|Mains
RandomNamePart/name_part/=EG2_Generationsdisplay_name|Generations
RandomNamePart/name_part/=EG2_Wavelinedisplay_name|Waveline
RandomNamePart/name_part/=EN1_Performingdisplay_name|Performing
RandomNamePart/name_part/=EN1_Spectacledisplay_name|Spectacle
RandomNamePart/name_part/=EN1_Concertdisplay_name|Concert
RandomNamePart/name_part/=EN1_Recreationaldisplay_name|Recreational
RandomNamePart/name_part/=EN1_Stereodisplay_name|Stereo
RandomNamePart/name_part/=EN1_Filmdisplay_name|Film
RandomNamePart/name_part/=EN1_Promotionaldisplay_name|Promotional
RandomNamePart/name_part/=EN2_Filmsdisplay_name|Films
RandomNamePart/name_part/=EN2_Amusementdisplay_name|Amusement
RandomNamePart/name_part/=EN2_Artistsdisplay_name|Artists
RandomNamePart/name_part/=EN2_Musicdisplay_name|Music
RandomNamePart/name_part/=EN2_Animationdisplay_name|Animation
RandomNamePart/name_part/=EN2_Gamesdisplay_name|Games
RandomNamePart/name_part/=EN2_Studiosdisplay_name|Studios
RandomNamePart/name_part/=FS1_Bankingdisplay_name|Banking
RandomNamePart/name_part/=FS1_Capitaldisplay_name|Capital
RandomNamePart/name_part/=FS1_Stockdisplay_name|Stock
RandomNamePart/name_part/=FS1_Investmentdisplay_name|Investment
RandomNamePart/name_part/=FS1_Lendingdisplay_name|Lending
RandomNamePart/name_part/=FS2_Financedisplay_name|Finance
RandomNamePart/name_part/=HC1_Bluedisplay_name|Blue
RandomNamePart/name_part/=HC1_Cyandisplay_name|Cyan
RandomNamePart/name_part/=HC1_Treatmentdisplay_name|Treatment
RandomNamePart/name_part/=HC1_Medicinedisplay_name|Medicine
RandomNamePart/name_part/=HC1_Housecalldisplay_name|Housecall
RandomNamePart/name_part/=HC1_Clinicdisplay_name|Clinic
RandomNamePart/name_part/=HC1_Outpatientdisplay_name|Outpatient
RandomNamePart/name_part/=HC1_Patientdisplay_name|Patient
RandomNamePart/name_part/=HC2_Caredisplay_name|Care
RandomNamePart/name_part/=HC2_Doctorsdisplay_name|Doctors
RandomNamePart/name_part/=HC2_Nursingdisplay_name|Nursing
RandomNamePart/name_part/=HC2_Physiciansdisplay_name|Physicians
RandomNamePart/name_part/=HC2_Outcomesdisplay_name|Outcomes
RandomNamePart/name_part/=HC2_Hospitalsdisplay_name|Hospitals
RandomNamePart/name_part/=HC2_Clinicsdisplay_name|Clinics
RandomNamePart/name_part/=HC2_Wellnessdisplay_name|Wellness
RandomNamePart/name_part/=HO1_Traveldisplay_name|Travel
RandomNamePart/name_part/=HO1_Rentaldisplay_name|Rental
RandomNamePart/name_part/=HO1_Shelterdisplay_name|Shelter
RandomNamePart/name_part/=HO1_Journeydisplay_name|Journey
RandomNamePart/name_part/=HO1_Hospitabledisplay_name|Hospitable
RandomNamePart/name_part/=HO1_Quietdisplay_name|Quiet
RandomNamePart/name_part/=HO1_Relaxingdisplay_name|Relaxing
RandomNamePart/name_part/=HO1_Serenedisplay_name|Serene
RandomNamePart/name_part/=HO1_Routedisplay_name|Route
RandomNamePart/name_part/=HO2_Hotelsdisplay_name|Hotels
RandomNamePart/name_part/=HO2_Tourismdisplay_name|Tourism
RandomNamePart/name_part/=HO2_Rentalsdisplay_name|Rentals
RandomNamePart/name_part/=HO2_Lodgingdisplay_name|Lodging
RandomNamePart/name_part/=HO2_Villasdisplay_name|Villas
RandomNamePart/name_part/=HO2_Hallsdisplay_name|Halls
RandomNamePart/name_part/=HO2_Butlersdisplay_name|Butlers
RandomNamePart/name_part/=HO2_Toursdisplay_name|Tours
RandomNamePart/name_part/=HO2_Accomodationsdisplay_name|Accomodations
RandomNamePart/name_part/=IF1_Foundationdisplay_name|Foundation
RandomNamePart/name_part/=IF1_Architecturaldisplay_name|Architectural
RandomNamePart/name_part/=IF1_Supportdisplay_name|Support
RandomNamePart/name_part/=IF1_Architectonicdisplay_name|Architectonic
RandomNamePart/name_part/=IF1_Supplydisplay_name|Supply
RandomNamePart/name_part/=IF1_Buildingdisplay_name|Building
RandomNamePart/name_part/=IF1_Edificedisplay_name|Edifice
RandomNamePart/name_part/=IF1_Contractordisplay_name|Contractor
RandomNamePart/name_part/=IF2_Structuresdisplay_name|Structures
RandomNamePart/name_part/=IF2_Facilitiesdisplay_name|Facilities
RandomNamePart/name_part/=IF2_Architecturedisplay_name|Architecture
RandomNamePart/name_part/=IF2_Installationsdisplay_name|Installations
RandomNamePart/name_part/=IF2_Constructuredisplay_name|Constructure
RandomNamePart/name_part/=IF2_Architectsdisplay_name|Architects
RandomNamePart/name_part/=IF2_Contractorsdisplay_name|Contractors
RandomNamePart/name_part/=MA1_Industrydisplay_name|Industry
RandomNamePart/name_part/=MA1_Starkdisplay_name|Stark
RandomNamePart/name_part/=MA1_Fabricationdisplay_name|Fabrication
RandomNamePart/name_part/=MA1_Mechanizeddisplay_name|Mechanized
RandomNamePart/name_part/=MA1_Transformationaldisplay_name|Transformational
RandomNamePart/name_part/=MA1_Worksdisplay_name|Works
RandomNamePart/name_part/=MA1_Productiondisplay_name|Production
RandomNamePart/name_part/=MA2_Industriesdisplay_name|Industries
RandomNamePart/name_part/=MA2_Makerdisplay_name|Maker
RandomNamePart/name_part/=MA2_Transformationsdisplay_name|Transformations
RandomNamePart/name_part/=MA2_Workmanshipdisplay_name|Workmanship
RandomNamePart/name_part/=MA2_Foundrydisplay_name|Foundry
RandomNamePart/name_part/=MA2_Millsdisplay_name|Mills
RandomNamePart/name_part/=MA2_Depotdisplay_name|Depot
RandomNamePart/name_part/=MA2_Creationsdisplay_name|Creations
RandomNamePart/name_part/=MI1_Extractiondisplay_name|Extraction
RandomNamePart/name_part/=MI1_Drillingdisplay_name|Drilling
RandomNamePart/name_part/=MI1_Oredisplay_name|Ore
RandomNamePart/name_part/=MI1_Mineraldisplay_name|Mineral
RandomNamePart/name_part/=MI1_Mineradisplay_name|Minera
RandomNamePart/name_part/=MI1_Undercutterdisplay_name|Undercutter
RandomNamePart/name_part/=MI1_Hazarddisplay_name|Hazard
RandomNamePart/name_part/=MI1_Pipelinedisplay_name|Pipeline
RandomNamePart/name_part/=MI2_Oresdisplay_name|Ores
RandomNamePart/name_part/=MI2_Metallurgydisplay_name|Metallurgy
RandomNamePart/name_part/=MI2_Mineralsdisplay_name|Minerals
RandomNamePart/name_part/=MI2_Fellingdisplay_name|Felling
RandomNamePart/name_part/=MI2_Minesdisplay_name|Mines
RandomNamePart/name_part/=MI2_Diggingdisplay_name|Digging
RandomNamePart/name_part/=MI2_Clearingdisplay_name|Clearing
RandomNamePart/name_part/=MI2_Blastingdisplay_name|Blasting
RandomNamePart/name_part/=MI2_Removaldisplay_name|Removal
RandomNamePart/name_part/=MI2_Saltworksdisplay_name|Saltworks
RandomNamePart/name_part/=MI2_Ironworksdisplay_name|Ironworks
RandomNamePart/name_part/=MI2_Steelworksdisplay_name|Steelworks
RandomNamePart/name_part/=PSN_Alphadisplay_name|Alpha
RandomNamePart/name_part/=PSN_Ardisdisplay_name|Ardis
RandomNamePart/name_part/=PSN_Bravodisplay_name|Bravo
RandomNamePart/name_part/=PSN_Burtdisplay_name|Burt
RandomNamePart/name_part/=PSN_Charliedisplay_name|Charlie
RandomNamePart/name_part/=PSN_Corinthdisplay_name|Corinth
RandomNamePart/name_part/=PSN_Deltadisplay_name|Delta
RandomNamePart/name_part/=PSN_Daviedisplay_name|Davie
RandomNamePart/name_part/=PSN_Echodisplay_name|Echo
RandomNamePart/name_part/=PSN_Ellisdisplay_name|Ellis
RandomNamePart/name_part/=PSN_Foxtrotdisplay_name|Foxtrot
RandomNamePart/name_part/=PSN_Faradaydisplay_name|Faraday
RandomNamePart/name_part/=PSN_Golfdisplay_name|Golf
RandomNamePart/name_part/=PSN_Gammadisplay_name|Gamma
RandomNamePart/name_part/=PSN_Hectordisplay_name|Hector
RandomNamePart/name_part/=PSN_Indiadisplay_name|India
RandomNamePart/name_part/=PSN_Irisdisplay_name|Iris
RandomNamePart/name_part/=PSN_Juliettdisplay_name|Juliett
RandomNamePart/name_part/=PSN_Jamesdisplay_name|James
RandomNamePart/name_part/=PSN_Kilodisplay_name|Kilo
RandomNamePart/name_part/=PSN_Kanedisplay_name|Kane
RandomNamePart/name_part/=PSN_Limadisplay_name|Lima
RandomNamePart/name_part/=PSN_Leerdisplay_name|Leer
RandomNamePart/name_part/=PSN_Mikedisplay_name|Mike
RandomNamePart/name_part/=PSN_Macedisplay_name|Mace
RandomNamePart/name_part/=PSN_Novemberdisplay_name|November
RandomNamePart/name_part/=PSN_Nordicdisplay_name|Nordic
RandomNamePart/name_part/=PSN_Oscardisplay_name|Oscar
RandomNamePart/name_part/=PSN_Oathdisplay_name|Oath
RandomNamePart/name_part/=PSN_Papadisplay_name|Papa
RandomNamePart/name_part/=PSN_Peerdisplay_name|Peer
RandomNamePart/name_part/=PSN_Quebecdisplay_name|Quebec
RandomNamePart/name_part/=PSN_Romeodisplay_name|Romeo
RandomNamePart/name_part/=PSN_Rangerdisplay_name|Ranger
RandomNamePart/name_part/=PSN_Sierradisplay_name|Sierra
RandomNamePart/name_part/=PSN_Souldisplay_name|Soul
RandomNamePart/name_part/=PSN_Tangodisplay_name|Tango
RandomNamePart/name_part/=PSN_Terrordisplay_name|Terror
RandomNamePart/name_part/=PSN_Uniformdisplay_name|Uniform
RandomNamePart/name_part/=PSN_Underdisplay_name|Under
RandomNamePart/name_part/=PSN_Victordisplay_name|Victor
RandomNamePart/name_part/=PSN_Vengeancedisplay_name|Vengeance
RandomNamePart/name_part/=PSN_Whiskeydisplay_name|Whiskey
RandomNamePart/name_part/=PSN_Winstondisplay_name|Winston
RandomNamePart/name_part/=PSN_XRaydisplay_name|X-Ray
RandomNamePart/name_part/=PSN_Xericdisplay_name|Xeric
RandomNamePart/name_part/=PSN_Yankeedisplay_name|Yankee
RandomNamePart/name_part/=PSN_Yogadisplay_name|Yoga
RandomNamePart/name_part/=PSN_Zuludisplay_name|Zulu
RandomNamePart/name_part/=PSN_Zonedisplay_name|Zone
RandomNamePart/name_part/=POIC_WoodwardChurchdisplay_name|Woodward Church
RandomNamePart/name_part/=POIC_BrodyChurchdisplay_name|Brody Church
RandomNamePart/name_part/=POIC_FirstHallowedSitedisplay_name|First Hallowed Site
RandomNamePart/name_part/=POIC_ThirdHallowedSitedisplay_name|Third Hallowed Site
RandomNamePart/name_part/=POIC_FifthHallowedSitedisplay_name|Fifth Hallowed Site
RandomNamePart/name_part/=POIC_NinthHallowedSitedisplay_name|Ninth Hallowed Site
RandomNamePart/name_part/=POIC_SacramentsEnddisplay_name|Sacrament's End
RandomNamePart/name_part/=POIC_FirstCommuniondisplay_name|First Communion
RandomNamePart/name_part/=POIC_SecondCommuniondisplay_name|Second Communion
RandomNamePart/name_part/=POIC_EighthCommuniondisplay_name|Eighth Communion
RandomNamePart/name_part/=POIC_FirstSolemndisplay_name|First Solemn
RandomNamePart/name_part/=POIC_FourthSolemndisplay_name|Fourth Solemn
RandomNamePart/name_part/=POIC_SixthSolemndisplay_name|Sixth Solemn
RandomNamePart/name_part/=POIC_SanctifiedAbbeydisplay_name|Sanctified Abbey
RandomNamePart/name_part/=POIC_TriumphAbbeydisplay_name|Triumph Abbey
RandomNamePart/name_part/=POIC_WorldlyAbbeydisplay_name|Worldly Abbey
RandomNamePart/name_part/=POIC_ProfaneAbbeydisplay_name|Profane Abbey
RandomNamePart/name_part/=POIC_MixedOratorydisplay_name|Mixed Oratory
RandomNamePart/name_part/=POIC_LastOratorydisplay_name|Last Oratory
RandomNamePart/name_part/=POIC_OriginalOratorydisplay_name|Original Oratory
RandomNamePart/name_part/=POIC_VenerableOratorydisplay_name|Venerable Oratory
RandomNamePart/name_part/=POIC_UprightOratorydisplay_name|Upright Oratory
RandomNamePart/name_part/=POIC_FirstMissiondisplay_name|First Mission
RandomNamePart/name_part/=POIC_LastMissiondisplay_name|Last Mission
RandomNamePart/name_part/=POIC_PureMissiondisplay_name|Pure Mission
RandomNamePart/name_part/=POIC_WorshipfulMissiondisplay_name|Worshipful Mission
RandomNamePart/name_part/=POIC_MoralMissiondisplay_name|Moral Mission
RandomNamePart/name_part/=POIC_WarmChapeldisplay_name|Warm Chapel
RandomNamePart/name_part/=POIC_SaintedChapeldisplay_name|Sainted Chapel
RandomNamePart/name_part/=POIC_AsceticChapeldisplay_name|Ascetic Chapel
RandomNamePart/name_part/=POIC_PiousTempledisplay_name|Pious Temple
RandomNamePart/name_part/=POIC_HolyTempledisplay_name|Holy Temple
RandomNamePart/name_part/=POIC_FirstTempledisplay_name|First Temple
RandomNamePart/name_part/=POIC_SecondTempledisplay_name|Second Temple
RandomNamePart/name_part/=POIC_SeventhTempledisplay_name|Seventh Temple
RandomNamePart/name_part/=POIC_PrayerfulChapeldisplay_name|Prayerful Chapel
RandomNamePart/name_part/=POIC_TempleofRegretsdisplay_name|Temple of Regrets
RandomNamePart/name_part/=POIC_TempleofBlessingsdisplay_name|Temple of Blessings
RandomNamePart/name_part/=POIC_ChapelofVirtuedisplay_name|Chapel of Virtue
RandomNamePart/name_part/=POIC_ChapelofRestdisplay_name|Chapel of Rest
RandomNamePart/name_part/=POIE_ArgyleFleetUplinkdisplay_name|Argyle Fleet Uplink
RandomNamePart/name_part/=POIE_KeynesFleetUplinkdisplay_name|Keynes Fleet Uplink
RandomNamePart/name_part/=POIE_FergusFleetUplinkdisplay_name|Fergus Fleet Uplink
RandomNamePart/name_part/=POIE_WitchFleetUplinkdisplay_name|Witch Fleet Uplink
RandomNamePart/name_part/=POIE_JanusFleetUplinkdisplay_name|Janus Fleet Uplink
RandomNamePart/name_part/=POI1_Jamesondisplay_name|Jameson
RandomNamePart/name_part/=POI1_Kirkdisplay_name|Kirk
RandomNamePart/name_part/=POI1_Petersdisplay_name|Peters
RandomNamePart/name_part/=POI1_Velazquezdisplay_name|Velazquez
RandomNamePart/name_part/=POI1_Makailadisplay_name|Makaila
RandomNamePart/name_part/=POI1_Wilkinsondisplay_name|Wilkinson
RandomNamePart/name_part/=POI1_Hartmandisplay_name|Hartman
RandomNamePart/name_part/=POI1_Emersondisplay_name|Emerson
RandomNamePart/name_part/=POI1_Londyndisplay_name|Londyn
RandomNamePart/name_part/=POI1_Crawforddisplay_name|Crawford
RandomNamePart/name_part/=POI1_Wintersdisplay_name|Winters
RandomNamePart/name_part/=POI1_Olsendisplay_name|Olsen
RandomNamePart/name_part/=POI1_Garnerdisplay_name|Garner
RandomNamePart/name_part/=POI1_Pachecodisplay_name|Pacheco
RandomNamePart/name_part/=POI1_Nobledisplay_name|Noble
RandomNamePart/name_part/=POI1_Danielsdisplay_name|Daniels
RandomNamePart/name_part/=POI1_Mitchelldisplay_name|Mitchell
RandomNamePart/name_part/=POI1_Kobedisplay_name|Kobe
RandomNamePart/name_part/=POI1_Danikadisplay_name|Danika
RandomNamePart/name_part/=POI1_Hancockdisplay_name|Hancock
RandomNamePart/name_part/=POI1_Kiradisplay_name|Kira
RandomNamePart/name_part/=POI1_Ashantidisplay_name|Ashanti
RandomNamePart/name_part/=POI1_Sotodisplay_name|Soto
RandomNamePart/name_part/=POI1_Bergerdisplay_name|Berger
RandomNamePart/name_part/=POI1_Maysdisplay_name|Mays
RandomNamePart/name_part/=POI1_Mcgrathdisplay_name|Mcgrath
RandomNamePart/name_part/=POI1_Schmittdisplay_name|Schmitt
RandomNamePart/name_part/=POI1_Eatondisplay_name|Eaton
RandomNamePart/name_part/=POI1_Shawdisplay_name|Shaw
RandomNamePart/name_part/=POI1_Dorseydisplay_name|Dorsey
RandomNamePart/name_part/=POI1_Frederickdisplay_name|Frederick
RandomNamePart/name_part/=POI1_Yasminedisplay_name|Yasmine
RandomNamePart/name_part/=POI1_Landindisplay_name|Landin
RandomNamePart/name_part/=POI1_Beasleydisplay_name|Beasley
RandomNamePart/name_part/=POI1_Dominguezdisplay_name|Dominguez
RandomNamePart/name_part/=POI1_Sebastiandisplay_name|Sebastian
RandomNamePart/name_part/=POI1_Teagandisplay_name|Teagan
RandomNamePart/name_part/=POI1_Bestdisplay_name|Best
RandomNamePart/name_part/=POI1_Blackwelldisplay_name|Blackwell
RandomNamePart/name_part/=POI1_Hebertdisplay_name|Hebert
RandomNamePart/name_part/=POI1_Mcleandisplay_name|Mclean
RandomNamePart/name_part/=POI1_Esperanzadisplay_name|Esperanza
RandomNamePart/name_part/=POI1_Taylordisplay_name|Taylor
RandomNamePart/name_part/=POI1_Cruzdisplay_name|Cruz
RandomNamePart/name_part/=POI1_Grantdisplay_name|Grant
RandomNamePart/name_part/=POI1_Owendisplay_name|Owen
RandomNamePart/name_part/=POI1_Finleydisplay_name|Finley
RandomNamePart/name_part/=POI1_Chuckdisplay_name|Chuck
RandomNamePart/name_part/=POI1_Castillodisplay_name|Castillo
RandomNamePart/name_part/=POI1_Nielsendisplay_name|Nielsen
RandomNamePart/name_part/=POI1_Websterdisplay_name|Webster
RandomNamePart/name_part/=POI1_Douglasdisplay_name|Douglas
RandomNamePart/name_part/=POI1_Gaeldisplay_name|Gael
RandomNamePart/name_part/=POI1_Randalldisplay_name|Randall
RandomNamePart/name_part/=POI1_Monroedisplay_name|Monroe
RandomNamePart/name_part/=POI1_Grahamdisplay_name|Graham
RandomNamePart/name_part/=POI1_Dunlapdisplay_name|Dunlap
RandomNamePart/name_part/=POI1_Jordandisplay_name|Jordan
RandomNamePart/name_part/=POI1_Salasdisplay_name|Salas
RandomNamePart/name_part/=POI1_Boyddisplay_name|Boyd
RandomNamePart/name_part/=POI1_Robertsdisplay_name|Roberts
RandomNamePart/name_part/=POI1_Gibsondisplay_name|Gibson
RandomNamePart/name_part/=POI1_Holtdisplay_name|Holt
RandomNamePart/name_part/=POI1_Sloandisplay_name|Sloan
RandomNamePart/name_part/=POI1_Maddoxdisplay_name|Maddox
RandomNamePart/name_part/=POI1_Griffindisplay_name|Griffin
RandomNamePart/name_part/=POI1_Morgandisplay_name|Morgan
RandomNamePart/name_part/=POI1_Cordovadisplay_name|Cordova
RandomNamePart/name_part/=POI1_Murdochdisplay_name|Murdoch
RandomNamePart/name_part/=POI1_Hinesdisplay_name|Hines
RandomNamePart/name_part/=POI1_Whitneydisplay_name|Whitney
RandomNamePart/name_part/=POI1_Morenodisplay_name|Moreno
RandomNamePart/name_part/=POI1_Blackdisplay_name|Black
RandomNamePart/name_part/=POI1_Haydendisplay_name|Hayden
RandomNamePart/name_part/=POI1_Higginsdisplay_name|Higgins
RandomNamePart/name_part/=POI1_Mckeedisplay_name|Mckee
RandomNamePart/name_part/=POI1_Solomondisplay_name|Solomon
RandomNamePart/name_part/=POI1_Moyerdisplay_name|Moyer
RandomNamePart/name_part/=POI1_Lidisplay_name|Li
RandomNamePart/name_part/=POI1_Santiagodisplay_name|Santiago
RandomNamePart/name_part/=POI1_Pearsondisplay_name|Pearson
RandomNamePart/name_part/=POI1_Kiselevdisplay_name|Kiselev
RandomNamePart/name_part/=POI1_Morozovadisplay_name|Morozova
RandomNamePart/name_part/=POI1_Grigorevdisplay_name|Grigorev
RandomNamePart/name_part/=POI1_Kovalevadisplay_name|Kovaleva
RandomNamePart/name_part/=POI1_Orlovdisplay_name|Orlov
RandomNamePart/name_part/=POI1_Semenovdisplay_name|Semenov
RandomNamePart/name_part/=POI1_Antonovdisplay_name|Antonov
RandomNamePart/name_part/=POI1_Egorovdisplay_name|Egorov
RandomNamePart/name_part/=POI1_Lebedevadisplay_name|Lebedeva
RandomNamePart/name_part/=POI1_Zakharovadisplay_name|Zakharova
RandomNamePart/name_part/=POI1_Aleksandrovdisplay_name|Aleksandrov
RandomNamePart/name_part/=POI1_Fedorovadisplay_name|Fedorova
RandomNamePart/name_part/=POI1_Belovadisplay_name|Belova
RandomNamePart/name_part/=POI1_Popodisplay_name|Popo
RandomNamePart/name_part/=POI1_Kuznetsovadisplay_name|Kuznetsova
RandomNamePart/name_part/=POI1_Zakharovdisplay_name|Zakharov
RandomNamePart/name_part/=POI1_Vlasovdisplay_name|Vlasov
RandomNamePart/name_part/=POI1_Ivanovdisplay_name|Ivanov
RandomNamePart/name_part/=POI1_Petrovdisplay_name|Petrov
RandomNamePart/name_part/=POI1_Sidorovdisplay_name|Sidorov
RandomNamePart/name_part/=POI1_Volkovdisplay_name|Volkov
RandomNamePart/name_part/=POI1_Mikhailovdisplay_name|Mikhailov
RandomNamePart/name_part/=POI1_Alekhindisplay_name|Alekhin
RandomNamePart/name_part/=POI1_Pasternakdisplay_name|Pasternak
RandomNamePart/name_part/=POI1_Zaitsevdisplay_name|Zaitsev
RandomNamePart/name_part/=POI1_Angeloffdisplay_name|Angeloff
RandomNamePart/name_part/=POI1_Babanindisplay_name|Babanin
RandomNamePart/name_part/=POI1_Turgenevdisplay_name|Turgenev
RandomNamePart/name_part/=POI1_Balakindisplay_name|Balakin
RandomNamePart/name_part/=POI1_Belskydisplay_name|Belsky
RandomNamePart/name_part/=POI1_Kalashnikdisplay_name|Kalashnik
RandomNamePart/name_part/=POI1_Galkindisplay_name|Galkin
RandomNamePart/name_part/=POI1_Genrichdisplay_name|Genrich
RandomNamePart/name_part/=POI1_Levindisplay_name|Levin
RandomNamePart/name_part/=POI1_Lipovskydisplay_name|Lipovsky
RandomNamePart/name_part/=POI1_Lopatindisplay_name|Lopatin
RandomNamePart/name_part/=POI1_Lukindisplay_name|Lukin
RandomNamePart/name_part/=POI1_Aminoffdisplay_name|Aminoff
RandomNamePart/name_part/=POI1_Wisniewskidisplay_name|Wisniewski
RandomNamePart/name_part/=POI1_Babiakdisplay_name|Babiak
RandomNamePart/name_part/=POI1_Demkodisplay_name|Demko
RandomNamePart/name_part/=POI1_Donicadisplay_name|Donica
RandomNamePart/name_part/=POI1_Franczykdisplay_name|Franczyk
RandomNamePart/name_part/=POI1_Filakdisplay_name|Filak
RandomNamePart/name_part/=POI1_Hejnadisplay_name|Hejna
RandomNamePart/name_part/=POI1_Kondratdisplay_name|Kondrat
RandomNamePart/name_part/=POI1_Kosteckidisplay_name|Kostecki
RandomNamePart/name_part/=POI1_Majcherdisplay_name|Majcher
RandomNamePart/name_part/=POI1_Osadadisplay_name|Osada
RandomNamePart/name_part/=POI1_Pabiandisplay_name|Pabian
RandomNamePart/name_part/=POI1_Paradowskidisplay_name|Paradowski
RandomNamePart/name_part/=POI1_Rozmusdisplay_name|Rozmus
RandomNamePart/name_part/=POI1_Moderndisplay_name|Modern
RandomNamePart/name_part/=POI1_Viabledisplay_name|Viable
RandomNamePart/name_part/=POI1_Nascentdisplay_name|Nascent
RandomNamePart/name_part/=POI1_Progressivedisplay_name|Progressive
RandomNamePart/name_part/=POI1_Maturedisplay_name|Mature
RandomNamePart/name_part/=POI1_Lucrativedisplay_name|Lucrative
RandomNamePart/name_part/=POI1_Developeddisplay_name|Developed
RandomNamePart/name_part/=POI1_Durabledisplay_name|Durable
RandomNamePart/name_part/=POI1_Transparentdisplay_name|Transparent
RandomNamePart/name_part/=POI1_Exemplarydisplay_name|Exemplary
RandomNamePart/name_part/=POI1_Impeccabledisplay_name|Impeccable
RandomNamePart/name_part/=POI1_Paradigmdisplay_name|Paradigm
RandomNamePart/name_part/=POI1_Enterprisingdisplay_name|Enterprising
RandomNamePart/name_part/=POI1_Utopiandisplay_name|Utopian
RandomNamePart/name_part/=POI1_Dynamicdisplay_name|Dynamic
RandomNamePart/name_part/=POI1_Propulsivedisplay_name|Propulsive
RandomNamePart/name_part/=POI1_Proliferatedisplay_name|Proliferate
RandomNamePart/name_part/=POI1_Corrugateddisplay_name|Corrugated
RandomNamePart/name_part/=POI1_Diligentdisplay_name|Diligent
RandomNamePart/name_part/=POI1_Formidabledisplay_name|Formidable
RandomNamePart/name_part/=POI1_Supremedisplay_name|Supreme
RandomNamePart/name_part/=POI1_Superiordisplay_name|Superior
RandomNamePart/name_part/=POI1_Eminentdisplay_name|Eminent
RandomNamePart/name_part/=POI1_Prolificdisplay_name|Prolific
RandomNamePart/name_part/=POI1_Olympiandisplay_name|Olympian
RandomNamePart/name_part/=POI1_Adaptabledisplay_name|Adaptable
RandomNamePart/name_part/=POI1_Innovativedisplay_name|Innovative
RandomNamePart/name_part/=POI1_Integrateddisplay_name|Integrated
RandomNamePart/name_part/=POI1_Visionarydisplay_name|Visionary
RandomNamePart/name_part/=POI1_Largedisplay_name|Large
RandomNamePart/name_part/=POI1_Adamantdisplay_name|Adamant
RandomNamePart/name_part/=POI1_Wealthydisplay_name|Wealthy
RandomNamePart/name_part/=POI1_Smoggydisplay_name|Smoggy
RandomNamePart/name_part/=POI1_Parchdisplay_name|Parch
RandomNamePart/name_part/=POI1_Ruddydisplay_name|Ruddy
RandomNamePart/name_part/=POI1_Lowlydisplay_name|Lowly
RandomNamePart/name_part/=POI1_Earlydisplay_name|Early
RandomNamePart/name_part/=POI1_Smilingdisplay_name|Smiling
RandomNamePart/name_part/=POI1_Dependentdisplay_name|Dependent
RandomNamePart/name_part/=POI1_Ambiguousdisplay_name|Ambiguous
RandomNamePart/name_part/=POI1_Dapperdisplay_name|Dapper
RandomNamePart/name_part/=POI1_Gleamingdisplay_name|Gleaming
RandomNamePart/name_part/=POI1_Politicaldisplay_name|Political
RandomNamePart/name_part/=POI1_Exclusivedisplay_name|Exclusive
RandomNamePart/name_part/=POI1_Secretdisplay_name|Secret
RandomNamePart/name_part/=POI1_Thirddisplay_name|Third
RandomNamePart/name_part/=POI1_Aciddisplay_name|Acid
RandomNamePart/name_part/=POI1_Vengefuldisplay_name|Vengeful
RandomNamePart/name_part/=POI1_Drabdisplay_name|Drab
RandomNamePart/name_part/=POI1_Olddisplay_name|Old
RandomNamePart/name_part/=POI1_Chiefdisplay_name|Chief
RandomNamePart/name_part/=POI1_Classydisplay_name|Classy
RandomNamePart/name_part/=POI1_Dashingdisplay_name|Dashing
RandomNamePart/name_part/=POI1_Subsequentdisplay_name|Subsequent
RandomNamePart/name_part/=POI1_Roughdisplay_name|Rough
RandomNamePart/name_part/=POI1_Anxiousdisplay_name|Anxious
RandomNamePart/name_part/=POI1_Unwrittendisplay_name|Unwritten
RandomNamePart/name_part/=POI1_Resonantdisplay_name|Resonant
RandomNamePart/name_part/=POI1_Uniteddisplay_name|United
RandomNamePart/name_part/=POI1_Reddisplay_name|Red
RandomNamePart/name_part/=POI1_Bustlingdisplay_name|Bustling
RandomNamePart/name_part/=POI1_Elitedisplay_name|Elite
RandomNamePart/name_part/=POI1_Savorydisplay_name|Savory
RandomNamePart/name_part/=POI1_Ovaldisplay_name|Oval
RandomNamePart/name_part/=POI1_Lethaldisplay_name|Lethal
RandomNamePart/name_part/=POI1_Callousdisplay_name|Callous
RandomNamePart/name_part/=POI1_Outrageousdisplay_name|Outrageous
RandomNamePart/name_part/=POI1_Unsuitabledisplay_name|Unsuitable
RandomNamePart/name_part/=POI1_Gratefuldisplay_name|Grateful
RandomNamePart/name_part/=POI1_Crowdeddisplay_name|Crowded
RandomNamePart/name_part/=POI1_Certaindisplay_name|Certain
RandomNamePart/name_part/=POI1_Talenteddisplay_name|Talented
RandomNamePart/name_part/=POI1_Paladindisplay_name|Paladin
RandomNamePart/name_part/=POI1_Regentdisplay_name|Regent
RandomNamePart/name_part/=POI1_Gloriousdisplay_name|Glorious
RandomNamePart/name_part/=POI1_Decisivedisplay_name|Decisive
RandomNamePart/name_part/=POI1_Indomitabledisplay_name|Indomitable
RandomNamePart/name_part/=POI1_Gallantdisplay_name|Gallant
RandomNamePart/name_part/=POI1_Conquererdisplay_name|Conquerer
RandomNamePart/name_part/=POI1_Majesticdisplay_name|Majestic
RandomNamePart/name_part/=POI1_Triumphdisplay_name|Triumph
RandomNamePart/name_part/=POI1_Fearlessdisplay_name|Fearless
RandomNamePart/name_part/=POI1_Redoubtabledisplay_name|Redoubtable
RandomNamePart/name_part/=POI1_Resolutiondisplay_name|Resolution
RandomNamePart/name_part/=POI1_Audaciousdisplay_name|Audacious
RandomNamePart/name_part/=POI1_Defiantdisplay_name|Defiant
RandomNamePart/name_part/=POI1_Relentlessdisplay_name|Relentless
RandomNamePart/name_part/=POI1_Splendiddisplay_name|Splendid
RandomNamePart/name_part/=POI1_Spartandisplay_name|Spartan
RandomNamePart/name_part/=POI1_Guardiandisplay_name|Guardian
RandomNamePart/name_part/=POI1_Intrepiddisplay_name|Intrepid
RandomNamePart/name_part/=POI1_Renowndisplay_name|Renown
RandomNamePart/name_part/=POI1_Leviathandisplay_name|Leviathan
RandomNamePart/name_part/=POI1_Dragondisplay_name|Dragon
RandomNamePart/name_part/=POI1_Valiantdisplay_name|Valiant
RandomNamePart/name_part/=POI1_Daringdisplay_name|Daring
RandomNamePart/name_part/=POI1_Invincibledisplay_name|Invincible
RandomNamePart/name_part/=POI1_Illustriousdisplay_name|Illustrious
RandomNamePart/name_part/=POI1_Breechdisplay_name|Breech
RandomNamePart/name_part/=POI1_Tariandisplay_name|Tarian
RandomNamePart/name_part/=POI1_Titanicdisplay_name|Titanic
RandomNamePart/name_part/=POI1_Imperviousdisplay_name|Impervious
RandomNamePart/name_part/=POI1_Sovereigndisplay_name|Sovereign
RandomNamePart/name_part/=POI1_Sublimedisplay_name|Sublime
RandomNamePart/name_part/=POI1_Unassailabledisplay_name|Unassailable
RandomNamePart/name_part/=POI1_Inviolabledisplay_name|Inviolable
RandomNamePart/name_part/=POI1_Impregnabledisplay_name|Impregnable
RandomNamePart/name_part/=POI1_Spiriteddisplay_name|Spirited
RandomNamePart/name_part/=POI1_Tremendousdisplay_name|Tremendous
RandomNamePart/name_part/=POI1_Tenaciousdisplay_name|Tenacious
RandomNamePart/name_part/=POI1_Indefatigabledisplay_name|Indefatigable
RandomNamePart/name_part/=POI1_Irrepressibledisplay_name|Irrepressible
RandomNamePart/name_part/=POI1_Prodigiousdisplay_name|Prodigious
RandomNamePart/name_part/=POI1_Stupendousdisplay_name|Stupendous
RandomNamePart/name_part/=POI1_Tranquildisplay_name|Tranquil
RandomNamePart/name_part/=POI1_Calmdisplay_name|Calm
RandomNamePart/name_part/=POI1_Placiddisplay_name|Placid
RandomNamePart/name_part/=POI1_Steadydisplay_name|Steady
RandomNamePart/name_part/=POI1_Peaceabledisplay_name|Peaceable
RandomNamePart/name_part/=POI1_Soothingdisplay_name|Soothing
RandomNamePart/name_part/=POI1_Easeneddisplay_name|Easened
RandomNamePart/name_part/=POI1_Leveldisplay_name|Level
RandomNamePart/name_part/=POI1_Centereddisplay_name|Centered
RandomNamePart/name_part/=POI1_Cleandisplay_name|Clean
RandomNamePart/name_part/=POI1_Puredisplay_name|Pure
RandomNamePart/name_part/=POI1_Staiddisplay_name|Staid
RandomNamePart/name_part/=POI1_Healthydisplay_name|Healthy
RandomNamePart/name_part/=POI1_Wholesomedisplay_name|Wholesome
RandomNamePart/name_part/=POI1_Abledisplay_name|Able
RandomNamePart/name_part/=POI1_Heartydisplay_name|Hearty
RandomNamePart/name_part/=POI1_Salutarydisplay_name|Salutary
RandomNamePart/name_part/=POI1_Prosperousdisplay_name|Prosperous
RandomNamePart/name_part/=POI1_Fruitfuldisplay_name|Fruitful
RandomNamePart/name_part/=POI1_Tidydisplay_name|Tidy
RandomNamePart/name_part/=POI1_Easydisplay_name|Easy
RandomNamePart/name_part/=POI1_Comfortingdisplay_name|Comforting
RandomNamePart/name_part/=POI1_Musefuldisplay_name|Museful
RandomNamePart/name_part/=POI1_Pristinedisplay_name|Pristine
RandomNamePart/name_part/=POI1_Idyllicdisplay_name|Idyllic
RandomNamePart/name_part/=POI1_Bucolicdisplay_name|Bucolic
RandomNamePart/name_part/=POI1_Verdantdisplay_name|Verdant
RandomNamePart/name_part/=POI1_Gildeddisplay_name|Gilded
RandomNamePart/name_part/=POI1_Sunnydisplay_name|Sunny
RandomNamePart/name_part/=POI1_Edenicdisplay_name|Edenic
RandomNamePart/name_part/=POI1_Paradisedisplay_name|Paradise
RandomNamePart/name_part/=POI1_Rapturousdisplay_name|Rapturous
RandomNamePart/name_part/=POI1_Crystallinedisplay_name|Crystalline
RandomNamePart/name_part/=POI1_Lushdisplay_name|Lush
RandomNamePart/name_part/=POI1_Silvandisplay_name|Silvan
RandomNamePart/name_part/=POI1_Sandydisplay_name|Sandy
RandomNamePart/name_part/=POI1_Brookdisplay_name|Brook
RandomNamePart/name_part/=POI1_Creekdisplay_name|Creek
RandomNamePart/name_part/=POI1_Crestdisplay_name|Crest
RandomNamePart/name_part/=POI1_Dustydisplay_name|Dusty
RandomNamePart/name_part/=POI1_Hollowdisplay_name|Hollow
RandomNamePart/name_part/=POI1_Ponddisplay_name|Pond
RandomNamePart/name_part/=POI1_Ridgedisplay_name|Ridge
RandomNamePart/name_part/=POI1_Stonydisplay_name|Stony
RandomNamePart/name_part/=POI1_Antelopedisplay_name|Antelope
RandomNamePart/name_part/=POI1_Butterflydisplay_name|Butterfly
RandomNamePart/name_part/=POI1_Goatdisplay_name|Goat
RandomNamePart/name_part/=POI1_Ladybugdisplay_name|Ladybug
RandomNamePart/name_part/=POI1_Mustangdisplay_name|Mustang
RandomNamePart/name_part/=POI1_Quaildisplay_name|Quail
RandomNamePart/name_part/=POI1_Rabbitdisplay_name|Rabbit
RandomNamePart/name_part/=POI1_Wolfdisplay_name|Wolf
RandomNamePart/name_part/=POI1_Uplanddisplay_name|Upland
RandomNamePart/name_part/=POI1_Ramshackledisplay_name|Ramshackle
RandomNamePart/name_part/=POI1_Warmdisplay_name|Warm
RandomNamePart/name_part/=POI1_Realdisplay_name|Real
RandomNamePart/name_part/=POI1_Localdisplay_name|Local
RandomNamePart/name_part/=POI1_Fertiledisplay_name|Fertile
RandomNamePart/name_part/=POI1_Orphandisplay_name|Orphan
RandomNamePart/name_part/=POI1_WellStockeddisplay_name|Well-Stocked
RandomNamePart/name_part/=POI1_Handsomedisplay_name|Handsome
RandomNamePart/name_part/=POI1_Ruggeddisplay_name|Rugged
RandomNamePart/name_part/=POI1_Wisedisplay_name|Wise
RandomNamePart/name_part/=POI1_Sleepydisplay_name|Sleepy
RandomNamePart/name_part/=POI1_Campestraldisplay_name|Campestral
RandomNamePart/name_part/=POI1_Grassydisplay_name|Grassy
RandomNamePart/name_part/=POI1_Marshdisplay_name|Marsh
RandomNamePart/name_part/=POI1_Arcadiandisplay_name|Arcadian
RandomNamePart/name_part/=POI1_Provincialdisplay_name|Provincial
RandomNamePart/name_part/=POI1_Grovedisplay_name|Grove
RandomNamePart/name_part/=POI1_Gardendisplay_name|Garden
RandomNamePart/name_part/=POI1_Meadowdisplay_name|Meadow
RandomNamePart/name_part/=POI1_Rockydisplay_name|Rocky
RandomNamePart/name_part/=POI1_Companionabledisplay_name|Companionable
RandomNamePart/name_part/=POI1_Forlorndisplay_name|Forlorn
RandomNamePart/name_part/=POI1_Wilddisplay_name|Wild
RandomNamePart/name_part/=POI1_Hardydisplay_name|Hardy
RandomNamePart/name_part/=POI1_Sturdydisplay_name|Sturdy
RandomNamePart/name_part/=POI1_Stalwartdisplay_name|Stalwart
RandomNamePart/name_part/=POI1_Stoutdisplay_name|Stout
RandomNamePart/name_part/=POI1_Dauntlessdisplay_name|Dauntless
RandomNamePart/name_part/=POI1_Rigiddisplay_name|Rigid
RandomNamePart/name_part/=POI1_ZhangHengdisplay_name|Zhang Heng
RandomNamePart/name_part/=POI1_LuisAlvarezdisplay_name|Luis Alvarez
RandomNamePart/name_part/=POI1_MaryAnningdisplay_name|Mary Anning
RandomNamePart/name_part/=POI1_Archimedesdisplay_name|Archimedes
RandomNamePart/name_part/=POI1_Aristarchusdisplay_name|Aristarchus
RandomNamePart/name_part/=POI1_Aristotledisplay_name|Aristotle
RandomNamePart/name_part/=POI1_Avogadrodisplay_name|Avogadro
RandomNamePart/name_part/=POI1_FrancisBacondisplay_name|Francis Bacon
RandomNamePart/name_part/=POI1_Bernoullidisplay_name|Bernoulli
RandomNamePart/name_part/=POI1_ElizabethBlackwelldisplay_name|Elizabeth Blackwell
RandomNamePart/name_part/=POI1_Bohrdisplay_name|Bohr
RandomNamePart/name_part/=POI1_RobertBoyle display_name|Robert Boyle 
RandomNamePart/name_part/=POI1_Brahedisplay_name|Brahe
RandomNamePart/name_part/=POI1_Brahmaguptadisplay_name|Brahmagupta
RandomNamePart/name_part/=POI1_Bunsendisplay_name|Bunsen
RandomNamePart/name_part/=POI1_Cajaldisplay_name|Cajal
RandomNamePart/name_part/=POI1_RachelCarsondisplay_name|Rachel Carson
RandomNamePart/name_part/=POI1_JamesChadwick display_name|James Chadwick 
RandomNamePart/name_part/=POI1_Chandrasekhardisplay_name|Chandrasekhar
RandomNamePart/name_part/=POI1_Chargaffdisplay_name|Chargaff
RandomNamePart/name_part/=POI1_Copernicusdisplay_name|Copernicus
RandomNamePart/name_part/=POI1_JacquesCousteaudisplay_name|Jacques Cousteau
RandomNamePart/name_part/=POI1_MarieCuriedisplay_name|Marie Curie
RandomNamePart/name_part/=POI1_Daltondisplay_name|Dalton
RandomNamePart/name_part/=POI1_Darwindisplay_name|Darwin
RandomNamePart/name_part/=POI1_Democritusdisplay_name|Democritus
RandomNamePart/name_part/=POI1_Descartesdisplay_name|Descartes
RandomNamePart/name_part/=POI1_Drakedisplay_name|Drake
RandomNamePart/name_part/=POI1_Eratosthenesdisplay_name|Eratosthenes
RandomNamePart/name_part/=POI1_Eucliddisplay_name|Euclid
RandomNamePart/name_part/=POI1_Eulerdisplay_name|Euler
RandomNamePart/name_part/=POI1_PierredeFermatdisplay_name|Pierre de Fermat
RandomNamePart/name_part/=POI1_Fibonaccidisplay_name|Fibonacci
RandomNamePart/name_part/=POI1_RonaldFisherdisplay_name|RonaldFisher
RandomNamePart/name_part/=POI1_Flemingdisplay_name|Fleming
RandomNamePart/name_part/=POI1_Franklindisplay_name|Franklin
RandomNamePart/name_part/=POI1_Galendisplay_name|Galen
RandomNamePart/name_part/=POI1_Galileodisplay_name|Galileo
RandomNamePart/name_part/=POI1_CeciliaPayneGaposchkindisplay_name|Cecilia Payne-Gaposchkin
RandomNamePart/name_part/=POI1_Gaussdisplay_name|Gauss
RandomNamePart/name_part/=POI1_SophieGermaindisplay_name|Sophie Germain
RandomNamePart/name_part/=POI1_WillardGibbsdisplay_name|Willard Gibbs
RandomNamePart/name_part/=POI1_Goodalldisplay_name|Goodall
RandomNamePart/name_part/=POI1_CarolineHerscheldisplay_name|Caroline Herschel
RandomNamePart/name_part/=POI1_Hertzdisplay_name|Hertz
RandomNamePart/name_part/=POI1_DavidHilbertdisplay_name|David Hilbert
RandomNamePart/name_part/=POI1_Hipparchusdisplay_name|Hipparchus
RandomNamePart/name_part/=POI1_Hippocratesdisplay_name|Hippocrates
RandomNamePart/name_part/=POI1_RobertHookedisplay_name|Robert Hooke
RandomNamePart/name_part/=POI1_Hopperdisplay_name|Hopper
RandomNamePart/name_part/=POI1_Hornerdisplay_name|Horner
RandomNamePart/name_part/=POI1_EdwinHubbledisplay_name|Edwin Hubble
RandomNamePart/name_part/=POI1_JamesHuttondisplay_name|James Hutton
RandomNamePart/name_part/=POI1_Hypatiadisplay_name|Hypatia
RandomNamePart/name_part/=POI1_Keplerdisplay_name|Kepler
RandomNamePart/name_part/=POI1_OmarKhayyamdisplay_name|Omar Khayyam
RandomNamePart/name_part/=POI1_Kwolekdisplay_name|Kwolek
RandomNamePart/name_part/=POI1_KarlLandsteinerdisplay_name|Karl Landsteiner
RandomNamePart/name_part/=POI1_AntoineLavoisierdisplay_name|Antoine Lavoisier
RandomNamePart/name_part/=POI1_HenriettaLeavittdisplay_name|Henrietta Leavitt
RandomNamePart/name_part/=POI1_Leeuwenhoekdisplay_name|Leeuwenhoek
RandomNamePart/name_part/=POI1_Linnaeusdisplay_name|Linnaeus
RandomNamePart/name_part/=POI1_AdaLovelacedisplay_name|Ada Lovelace
RandomNamePart/name_part/=POI1_JamesClerkMaxwelldisplay_name|James Clerk Maxwell
RandomNamePart/name_part/=POI1_BarbaraMcClintockdisplay_name|Barbara McClintock
RandomNamePart/name_part/=POI1_LiseMeitnerdisplay_name|Lise Meitner
RandomNamePart/name_part/=POI1_Mendeldisplay_name|Mendel
RandomNamePart/name_part/=POI1_Mendeleevdisplay_name|Mendeleev
RandomNamePart/name_part/=POI1_Moseleydisplay_name|Moseley
RandomNamePart/name_part/=POI1_Newtondisplay_name|Newton
RandomNamePart/name_part/=POI1_EmmyNoetherdisplay_name|Emmy Noether
RandomNamePart/name_part/=POI1_Oersteddisplay_name|Oersted
RandomNamePart/name_part/=POI1_Pasteurdisplay_name|Pasteur
RandomNamePart/name_part/=POI1_Paulingdisplay_name|Pauling
RandomNamePart/name_part/=POI1_Planckdisplay_name|Planck
RandomNamePart/name_part/=POI1_Pythagorasdisplay_name|Pythagoras
RandomNamePart/name_part/=POI1_Ptolemydisplay_name|Ptolemy
RandomNamePart/name_part/=POI1_Ramandisplay_name|Raman
RandomNamePart/name_part/=POI1_SrinivasaRamanujandisplay_name|Srinivasa Ramanujan
RandomNamePart/name_part/=POI1_FrancescoRedidisplay_name|Francesco Redi
RandomNamePart/name_part/=POI1_ErnestRutherforddisplay_name|Ernest Rutherford
RandomNamePart/name_part/=POI1_Schwanndisplay_name|Schwann
RandomNamePart/name_part/=POI1_Shoemakerdisplay_name|Shoemaker
RandomNamePart/name_part/=POI1_Skinnerdisplay_name|Skinner
RandomNamePart/name_part/=POI1_ThalesofMiletusdisplay_name|Thales of Miletus
RandomNamePart/name_part/=POI1_Vesaliusdisplay_name|Vesalius
RandomNamePart/name_part/=POI1_RudolfVirchowdisplay_name|Rudolf Virchow
RandomNamePart/name_part/=POI1_Voltadisplay_name|Volta
RandomNamePart/name_part/=POI1_Wallacedisplay_name|Wallace
RandomNamePart/name_part/=POI1_Wegenerdisplay_name|Wegener
RandomNamePart/name_part/=POI1_YangMillsdisplay_name|Yang-Mills
RandomNamePart/name_part/=P_APL_InternationalAirportdisplay_name|International Airport
RandomNamePart/name_part/=P_APS_Airstripdisplay_name|Airstrip
RandomNamePart/name_part/=P_CRM_CryoServicesdisplay_name|Cryo Services
RandomNamePart/name_part/=P_CRM_CryoPrepdisplay_name|Cryo Prep
RandomNamePart/name_part/=P_CRM_CryoStoragedisplay_name|Cryo Storage
RandomNamePart/name_part/=P_FRM_Manordisplay_name|Manor
RandomNamePart/name_part/=P_FRM_Plantationdisplay_name|Plantation
RandomNamePart/name_part/=P_FRMS_Barndisplay_name|Barn
RandomNamePart/name_part/=P_FRMS_Cottagedisplay_name|Cottage
RandomNamePart/name_part/=P_FRMS_Homesteaddisplay_name|Homestead
RandomNamePart/name_part/=P_FRMS_Roostdisplay_name|Roost
RandomNamePart/name_part/=P_MIN_HeliumMinedisplay_name|Helium Mine
RandomNamePart/name_part/=P_MIN_GasMinersdisplay_name|Gas Miners
RandomNamePart/name_part/=P_MIN_MiningAndSciencedisplay_name|Mining And Science
RandomNamePart/name_part/=P_MILN_Fortdisplay_name|Fort
RandomNamePart/name_part/=P_MILM_Outpostdisplay_name|Outpost
RandomNamePart/name_part/=P_MILM_Guarddisplay_name|Guard
RandomNamePart/name_part/=P_MILM_Crossingdisplay_name|Crossing
RandomNamePart/name_part/=P_PKL_Parklanddisplay_name|Parkland
RandomNamePart/name_part/=P_PKL_Landsdisplay_name|Lands
RandomNamePart/name_part/=P_PKL_Wildsdisplay_name|Wilds
RandomNamePart/name_part/=P_PKL_Commonsdisplay_name|Commons
RandomNamePart/name_part/=P_PKL_Greenwaydisplay_name|Greenway
RandomNamePart/name_part/=P_PKL_Arboretumdisplay_name|Arboretum
RandomNamePart/name_part/=P_PKL_Pavilliondisplay_name|Pavillion
RandomNamePart/name_part/=P_NUC_NuclearEnergydisplay_name|Nuclear Energy
RandomNamePart/name_part/=P_WIN_WindFarmdisplay_name|Wind Farm
RandomNamePart/name_part/=P_WIN_Windsdisplay_name|Winds
RandomNamePart/name_part/=P_SOL_SolarFarmdisplay_name|Solar Farm
RandomNamePart/name_part/=RE1_Distributiondisplay_name|Distribution
RandomNamePart/name_part/=RE1_Wholesaledisplay_name|Wholesale
RandomNamePart/name_part/=RE1_Marketdisplay_name|Market
RandomNamePart/name_part/=RE1_Commercialdisplay_name|Commercial
RandomNamePart/name_part/=RE1_Consumerdisplay_name|Consumer
RandomNamePart/name_part/=RE2_Commercedisplay_name|Commerce
RandomNamePart/name_part/=RE2_Storesdisplay_name|Stores
RandomNamePart/name_part/=RE2_Distributorsdisplay_name|Distributors
RandomNamePart/name_part/=RE2_Goodsdisplay_name|Goods
RandomNamePart/name_part/=SE1_Protectiondisplay_name|Protection
RandomNamePart/name_part/=SE1_Certificatedisplay_name|Certificate
RandomNamePart/name_part/=SE1_Assurancedisplay_name|Assurance
RandomNamePart/name_part/=SE1_Juridicdisplay_name|Juridic
RandomNamePart/name_part/=SE1_Lawdisplay_name|Law
RandomNamePart/name_part/=SE1_Gardadisplay_name|Garda
RandomNamePart/name_part/=SE1_Gendarmedisplay_name|Gendarme
RandomNamePart/name_part/=SE1_Patroldisplay_name|Patrol
RandomNamePart/name_part/=SE2_Judiciarydisplay_name|Judiciary
RandomNamePart/name_part/=SE2_Justicedisplay_name|Justice
RandomNamePart/name_part/=SE2_Constabularydisplay_name|Constabulary
RandomNamePart/name_part/=SE2_Patrolsdisplay_name|Patrols
RandomNamePart/name_part/=SH1_Violetdisplay_name|Violet
RandomNamePart/name_part/=SH1_Mercifuldisplay_name|Merciful
RandomNamePart/name_part/=SH1_Premiumdisplay_name|Premium
RandomNamePart/name_part/=SH1_Acceptabledisplay_name|Acceptable
RandomNamePart/name_part/=SH1_Superbdisplay_name|Superb
RandomNamePart/name_part/=SH1_Pleasantdisplay_name|Pleasant
RandomNamePart/name_part/=SH1_Quickestdisplay_name|Quickest
RandomNamePart/name_part/=SH1_Honorabledisplay_name|Honorable
RandomNamePart/name_part/=SH1_Beautifuldisplay_name|Beautiful
RandomNamePart/name_part/=SH1_Alertdisplay_name|Alert
RandomNamePart/name_part/=SH1_Firstdisplay_name|First
RandomNamePart/name_part/=SH1_Toweringdisplay_name|Towering
RandomNamePart/name_part/=SH1_Severedisplay_name|Severe
RandomNamePart/name_part/=SH1_Colorfuldisplay_name|Colorful
RandomNamePart/name_part/=SH1_Markeddisplay_name|Marked
RandomNamePart/name_part/=SH1_Melodicdisplay_name|Melodic
RandomNamePart/name_part/=SH1_Attractivedisplay_name|Attractive
RandomNamePart/name_part/=SH1_Educateddisplay_name|Educated
RandomNamePart/name_part/=SH1_Accuratedisplay_name|Accurate
RandomNamePart/name_part/=SH1_Marvelousdisplay_name|Marvelous
RandomNamePart/name_part/=SH1_Formerdisplay_name|Former
RandomNamePart/name_part/=SH1_Youngdisplay_name|Young
RandomNamePart/name_part/=SH1_Helpfuldisplay_name|Helpful
RandomNamePart/name_part/=SH1_Impressivedisplay_name|Impressive
RandomNamePart/name_part/=SH1_Relevantdisplay_name|Relevant
RandomNamePart/name_part/=SH1_Availabledisplay_name|Available
RandomNamePart/name_part/=SH1_Assorteddisplay_name|Assorted
RandomNamePart/name_part/=SH1_Futuristicdisplay_name|Futuristic
RandomNamePart/name_part/=SH1_Seconddisplay_name|Second
RandomNamePart/name_part/=SH1_Periodicdisplay_name|Periodic
RandomNamePart/name_part/=SH1_Legaldisplay_name|Legal
RandomNamePart/name_part/=SH1_Carefuldisplay_name|Careful
RandomNamePart/name_part/=SH1_Reflectivedisplay_name|Reflective
RandomNamePart/name_part/=SH1_Victoriousdisplay_name|Victorious
RandomNamePart/name_part/=SH1_Confidentdisplay_name|Confident
RandomNamePart/name_part/=SH1_Cultureddisplay_name|Cultured
RandomNamePart/name_part/=SH1_Commondisplay_name|Common
RandomNamePart/name_part/=SH1_Rebeldisplay_name|Rebel
RandomNamePart/name_part/=SH1_Aviandisplay_name|Avian
RandomNamePart/name_part/=SH1_Touristdisplay_name|Tourist
RandomNamePart/name_part/=SH1_Faithfuldisplay_name|Faithful
RandomNamePart/name_part/=SH1_Precisiondisplay_name|Precision
RandomNamePart/name_part/=SH1_Blanddisplay_name|Bland
RandomNamePart/name_part/=SH1_5Hourdisplay_name|5 Hour
RandomNamePart/name_part/=SH1_Reliabledisplay_name|Reliable
RandomNamePart/name_part/=SH1_Discountdisplay_name|Discount
RandomNamePart/name_part/=SH1_Trusteddisplay_name|Trusted
RandomNamePart/name_part/=SH1_Agiledisplay_name|Agile
RandomNamePart/name_part/=SH1_Instantdisplay_name|Instant
RandomNamePart/name_part/=SH1_Valuedisplay_name|Value
RandomNamePart/name_part/=SH1_Tacticaldisplay_name|Tactical
RandomNamePart/name_part/=SH1_Gothicdisplay_name|Gothic
RandomNamePart/name_part/=SH1_BleedingEdgedisplay_name|Bleeding Edge
RandomNamePart/name_part/=SH1_Omnidisplay_name|Omni
RandomNamePart/name_part/=SH1_Budgetdisplay_name|Budget
RandomNamePart/name_part/=SH1_Limiteddisplay_name|Limited
RandomNamePart/name_part/=SH1_Megadisplay_name|Mega
RandomNamePart/name_part/=SH2_Meatsdisplay_name|Meats
RandomNamePart/name_part/=SH2_Artdisplay_name|Art
RandomNamePart/name_part/=SH2_Maintenancedisplay_name|Maintenance
RandomNamePart/name_part/=SH2_Holdingsdisplay_name|Holdings
RandomNamePart/name_part/=SH2_Naturedisplay_name|Nature
RandomNamePart/name_part/=SH2_Mechanicsdisplay_name|Mechanics
RandomNamePart/name_part/=SH2_Performancedisplay_name|Performance
RandomNamePart/name_part/=SH2_Engineeringdisplay_name|Engineering
RandomNamePart/name_part/=SH2_Celebrationdisplay_name|Celebration
RandomNamePart/name_part/=SH2_Marketingdisplay_name|Marketing
RandomNamePart/name_part/=SH2_Grocerydisplay_name|Grocery
RandomNamePart/name_part/=SH2_Propertydisplay_name|Property
RandomNamePart/name_part/=SH2_Videodisplay_name|Video
RandomNamePart/name_part/=SH2_Republicdisplay_name|Republic
RandomNamePart/name_part/=SH2_Assistancedisplay_name|Assistance
RandomNamePart/name_part/=SH2_Transportationdisplay_name|Transportation
RandomNamePart/name_part/=SH2_Advisorsdisplay_name|Advisors
RandomNamePart/name_part/=SH2_Developmentdisplay_name|Development
RandomNamePart/name_part/=SH2_Analyticsdisplay_name|Analytics
RandomNamePart/name_part/=SH2_Initiativedisplay_name|Initiative
RandomNamePart/name_part/=SH2_Deliveriesdisplay_name|Deliveries
RandomNamePart/name_part/=SH2_Booksdisplay_name|Books
RandomNamePart/name_part/=SH2_Dairydisplay_name|Dairy
RandomNamePart/name_part/=SH2_Suppliesdisplay_name|Supplies
RandomNamePart/name_part/=SH2_Graindisplay_name|Grain
RandomNamePart/name_part/=SH2_Shelvingdisplay_name|Shelving
RandomNamePart/name_part/=SH2_Assetsdisplay_name|Assets
RandomNamePart/name_part/=SH2_BakedGoodsdisplay_name|Baked Goods
RandomNamePart/name_part/=SH2_Testingdisplay_name|Testing
RandomNamePart/name_part/=SH2_Dentaldisplay_name|Dental
RandomNamePart/name_part/=SH2_Softwaredisplay_name|Software
RandomNamePart/name_part/=SH2_Hardwaredisplay_name|Hardware
RandomNamePart/name_part/=SH2_Metalworkingdisplay_name|Metalworking
RandomNamePart/name_part/=SH2_PestControldisplay_name|Pest Control
RandomNamePart/name_part/=SH2_Refiningdisplay_name|Refining
RandomNamePart/name_part/=SH2_Consultingdisplay_name|Consulting
RandomNamePart/name_part/=SH2_Loansdisplay_name|Loans
RandomNamePart/name_part/=SH2_Electronicsdisplay_name|Electronics
RandomNamePart/name_part/=SH2_Bondsdisplay_name|Bonds
RandomNamePart/name_part/=SH2_Pawndisplay_name|Pawn
RandomNamePart/name_part/=SH2_Securitiesdisplay_name|Securities
RandomNamePart/name_part/=SH2_Holographydisplay_name|Holography
RandomNamePart/name_part/=SH2_Solutionsdisplay_name|Solutions
RandomNamePart/name_part/=SH2_Fitnessdisplay_name|Fitness
RandomNamePart/name_part/=SH2_Clothiersdisplay_name|Clothiers
RandomNamePart/name_part/=SH2_Outfittersdisplay_name|Outfitters
RandomNamePart/name_part/=SH2_Automationdisplay_name|Automation
RandomNamePart/name_part/=SH2_Roboticsdisplay_name|Robotics
RandomNamePart/name_part/=SH2_Logisticsdisplay_name|Logistics
RandomNamePart/name_part/=SH2_Processingdisplay_name|Processing
RandomNamePart/name_part/=SH2_Strategiesdisplay_name|Strategies
RandomNamePart/name_part/=SH2_Accountingdisplay_name|Accounting
RandomNamePart/name_part/=SH2_Planningdisplay_name|Planning
RandomNamePart/name_part/=SH2_Printingdisplay_name|Printing
RandomNamePart/name_part/=SH2_Liquidatorsdisplay_name|Liquidators
RandomNamePart/name_part/=SH2_Repairsdisplay_name|Repairs
RandomNamePart/name_part/=TE1_Sciencedisplay_name|Science
RandomNamePart/name_part/=TE1_Designdisplay_name|Design
RandomNamePart/name_part/=TE1_Technicaldisplay_name|Technical
RandomNamePart/name_part/=TE1_Cyberdisplay_name|Cyber
RandomNamePart/name_part/=TE1_RnDdisplay_name|R&D
RandomNamePart/name_part/=TE2_Computingdisplay_name|Computing
RandomNamePart/name_part/=TC1_Satellitedisplay_name|Satellite
RandomNamePart/name_part/=TC1_Telecomdisplay_name|Telecom
RandomNamePart/name_part/=TC1_Fibredisplay_name|Fibre
RandomNamePart/name_part/=TC1_Communicationdisplay_name|Communication
RandomNamePart/name_part/=TC1_Telcodisplay_name|Telco
RandomNamePart/name_part/=TC1_Radiodisplay_name|Radio
RandomNamePart/name_part/=TC1_Digitaldisplay_name|Digital
RandomNamePart/name_part/=TC1_Analogdisplay_name|Analog
RandomNamePart/name_part/=TC1_Cabledisplay_name|Cable
RandomNamePart/name_part/=TC1_Spectrumdisplay_name|Spectrum
RandomNamePart/name_part/=TC1_Linedisplay_name|Line
RandomNamePart/name_part/=TC1_Downlinkdisplay_name|Downlink
RandomNamePart/name_part/=TC1_Bitratedisplay_name|Bitrate
RandomNamePart/name_part/=TC2_Connectivitydisplay_name|Connectivity
RandomNamePart/name_part/=TC2_Connectionsdisplay_name|Connections
RandomNamePart/name_part/=TC2_Telemetrydisplay_name|Telemetry
RandomNamePart/name_part/=TC2_Telematicsdisplay_name|Telematics
RandomNamePart/name_part/=TC2_Informaticsdisplay_name|Informatics
