ComputingDatasetType/computing_dataset_type/=SocialMediaMetadatadisplay_name|Social Media Metadata
ComputingDatasetType/computing_dataset_type/=CCTVRecordingsdisplay_name|CCTV Recordings
ComputingDatasetType/computing_dataset_type/=CustomerBehaviorDatadisplay_name|Customer Behavior Data
ComputingDatasetType/computing_dataset_type/=ManufacturingProcessDetailsdisplay_name|Manufacturing Process Details
ComputingDatasetType/computing_dataset_type/=WildlifeGeneticScansdisplay_name|Wildlife Genetic Scans
ComputingDatasetType/computing_dataset_type/=NanoscopicDatapacketdisplay_name|NanoscopicDatapacket
ComputingDatasetType/computing_dataset_type/=NanomiteApplicatorsdisplay_name|Nanomite Applicators
ComputingDatasetType/computing_dataset_type/=PersonalizedProstheticsdisplay_name|Personalized Prosthetics
ComputingDatasetType/computing_dataset_type/=MicropatternOptimizationdisplay_name|Micropattern Optimization
ComputingDatasetType/computing_dataset_type/=CourtTranscriptsdisplay_name|Court Transcripts
ComputingDatasetType/computing_dataset_type/=ScientificPapersdisplay_name|Scientific Papers
ComputingDatasetType/computing_dataset_type/=EngineeringPapersdisplay_name|Engineering Papers
ComputingDatasetType/computing_dataset_type/=HistoricalTextsdisplay_name|Historical Texts
ComputingDatasetType/computing_dataset_type/=ExperimentalModelsdisplay_name|Experimental Models
ComputingDatasetType/computing_dataset_type/=MicromachineIPdisplay_name|Micromachine IP
ComputingDatasetType/computing_dataset_type/=MiniaturizationApplicationsdisplay_name|Miniaturization Applications
ComputingDatasetType/computing_dataset_type/=QuantumEpistemologydisplay_name|QuantumEpistemology
ComputingDatasetType/computing_dataset_type/=MicrobialGeneBehaviorStudiesdisplay_name|Microbial Gene Behavior Studies
ComputingDatasetType/computing_dataset_type/=DiscoursesOnMetaphysicalMaterialismdisplay_name|Discourses on Metaphysical Materialism
ComputingDatasetType/computing_dataset_type/=BiocomputerPrototypedisplay_name|BiocomputerPrototype
ComputingDatasetType/computing_dataset_type/=SyntheticSynapsesBreakthroughdisplay_name|SyntheticSynapsesBreakthrough
ComputingDatasetType/computing_dataset_type/=StolenHumanGeneScansdisplay_name|Stolen Human Gene Scans
ComputingDatasetType/computing_dataset_type/=SeedBankServerBackupdisplay_name|Seed Bank Server Backup
ComputingDatasetType/computing_dataset_type/=RestrictedNucleationStudiesdisplay_name|Restricted Nucleation Studies
ComputingDatasetType/computing_dataset_type/=FailedAGIPrototypedisplay_name|Failed AGI Prototype
ComputingDatasetType/computing_dataset_type/=RoboticsSchematicsdisplay_name|RoboticsSchematics
ComputingDatasetType/computing_dataset_type/=UnauthorizedMetallurgicalInnovationsdisplay_name|Unauthorized Metallurgical Innovations
ComputingDatasetType/computing_dataset_type/=ClassifiedLibraryRecordsdisplay_name|Classified Library Records
ComputingDatasetType/computing_dataset_type/=ClinicalRecordsforAbnormalPsychologydisplay_name|Clinical Records for Abnormal Psychology
